AF3_ID,ID,core_smiles,pep_sequence,pep_smiles,length,pep_sequence_model,pep_smiles_model
187,Backbone-01,N[C@@H](Cc1ccc(O)cc1)C(=O)NC(C)(C)C(=O)N[C@@H](CCC(=O)O)C(=O)NCC(=O)N[C@@H]([C@@H](C)O)C(=O)N[C@@H](Cc1ccccc1)C(=O)N[C@@H]([C@@H](C)O)C(=O)N[C@@H](CO)C(=O)N[C@@H](CC(=O)O)C(=O)N[C@@H](Cc1ccc(O)cc1)C(=O)N[C@@H](CO)C(=O)N[C@@H]([C@H](CC)C)C(=O)N[C@@H]([C@H](CC)C)C(=O)N[C@@H](CC(C)C)C(=O)N[C@@H](CC(=O)O)C(=O)N[C@@H](C)C(=O)N[C@@H](CCCCN)C(=O)N[C@@H](C)C(=O)N[C@@H](CCC(=O)N)C(=O)NC(C)(C)C(=O)N[C@@H](C)C(=O)N[C@@H](Cc1ccccc1)C(=O)N[C@@H]([C@H](CC)C)C(=O)N[C@@H](CCC(=O)O)C(=O)N[C@@H](Cc1c[nH]c2ccccc12)C(=O)N[C@@H](CC(C)C)C(=O)N[C@@H](CC(C)C)C(=O)N[C@@H](CCC(=O)O)C(=O)NCC(=O)NCC(=O)N1[C@@H](CCC1)C(=O)N[C@@H](CO)C(=O)N[C@@H](CO)C(=O)NCC(=O)NCC(=O)N1[C@@H](CCC1)C(=O)N1[C@@H](CCC1)C(=O)N1[C@@H](CCC1)C(=O)N[C@@H](CO)C(=O)O,Y--Aib--E--G--T--F--T--S--D--Y--S--I--I--L--D--A--K--A--Q--Aib--A--F--I--E--W--L--L--E--G--G--P--S--S--G--G--P--P--P--S,"['N[C@@H](Cc1ccc(O)cc1)C(=O)O', 'NC(C)(C)C(=O)O', 'N[C@@H](CCC(=O)O)C(=O)O', 'NCC(=O)O', 'N[C@@H]([C@@H](C)O)C(=O)O', 'N[C@@H](Cc1ccccc1)C(=O)O', 'N[C@@H]([C@@H](C)O)C(=O)O', 'N[C@@H](CO)C(=O)O', 'N[C@@H](CC(=O)O)C(=O)O', 'N[C@@H](Cc1ccc(O)cc1)C(=O)O', 'N[C@@H](CO)C(=O)O', 'N[C@@H]([C@H](CC)C)C(=O)O', 'N[C@@H]([C@H](CC)C)C(=O)O', 'N[C@@H](CC(C)C)C(=O)O', 'N[C@@H](CC(=O)O)C(=O)O', 'N[C@@H](C)C(=O)O', 'N[C@@H](CCCCN)C(=O)O', 'N[C@@H](C)C(=O)O', 'N[C@@H](CCC(=O)N)C(=O)O', 'NC(C)(C)C(=O)O', 'N[C@@H](C)C(=O)O', 'N[C@@H](Cc1ccccc1)C(=O)O', 'N[C@@H]([C@H](CC)C)C(=O)O', 'N[C@@H](CCC(=O)O)C(=O)O', 'N[C@@H](Cc1c[nH]c2ccccc12)C(=O)O', 'N[C@@H](CC(C)C)C(=O)O', 'N[C@@H](CC(C)C)C(=O)O', 'N[C@@H](CCC(=O)O)C(=O)O', 'NCC(=O)O', 'NCC(=O)O', 'N1[C@@H](CCC1)C(=O)O', 'N[C@@H](CO)C(=O)O', 'N[C@@H](CO)C(=O)O', 'NCC(=O)O', 'NCC(=O)O', 'N1[C@@H](CCC1)C(=O)O', 'N1[C@@H](CCC1)C(=O)O', 'N1[C@@H](CCC1)C(=O)O', 'N[C@@H](CO)C(=O)O']",39,"['Y', 'Aib', 'E', 'G', 'T', 'F', 'T', 'S', 'D', 'Y', 'S', 'I', 'I', 'L', 'D', 'A', 'K', 'A', 'Q', 'Aib', 'A', 'F', 'I', 'E', 'W', 'L', 'L', 'E', 'G', 'G', 'P', 'S', 'S', 'G', 'G', 'P', 'P', 'P', 'S']","['N[C@@H](Cc1ccc(O)cc1)C(=O)O', 'NC(C)(C)C(=O)O', 'N[C@@H](CCC(=O)O)C(=O)O', 'NCC(=O)O', 'N[C@@H]([C@@H](C)O)C(=O)O', 'N[C@@H](Cc1ccccc1)C(=O)O', 'N[C@@H]([C@@H](C)O)C(=O)O', 'N[C@@H](CO)C(=O)O', 'N[C@@H](CC(=O)O)C(=O)O', 'N[C@@H](Cc1ccc(O)cc1)C(=O)O', 'N[C@@H](CO)C(=O)O', 'N[C@@H]([C@H](CC)C)C(=O)O', 'N[C@@H]([C@H](CC)C)C(=O)O', 'N[C@@H](CC(C)C)C(=O)O', 'N[C@@H](CC(=O)O)C(=O)O', 'N[C@@H](C)C(=O)O', 'N[C@@H](CCCCN)C(=O)O', 'N[C@@H](C)C(=O)O', 'N[C@@H](CCC(=O)N)C(=O)O', 'NC(C)(C)C(=O)O', 'N[C@@H](C)C(=O)O', 'N[C@@H](Cc1ccccc1)C(=O)O', 'N[C@@H]([C@H](CC)C)C(=O)O', 'N[C@@H](CCC(=O)O)C(=O)O', 'N[C@@H](Cc1c[nH]c2ccccc12)C(=O)O', 'N[C@@H](CC(C)C)C(=O)O', 'N[C@@H](CC(C)C)C(=O)O', 'N[C@@H](CCC(=O)O)C(=O)O', 'NCC(=O)O', 'NCC(=O)O', 'N1[C@@H](CCC1)C(=O)O', 'N[C@@H](CO)C(=O)O', 'N[C@@H](CO)C(=O)O', 'NCC(=O)O', 'NCC(=O)O', 'N1[C@@H](CCC1)C(=O)O', 'N1[C@@H](CCC1)C(=O)O', 'N1[C@@H](CCC1)C(=O)O', 'N[C@@H](CO)C(=O)O']"
88,Backbone-02,N[C@@H](Cc1ccc(O)cc1)C(=O)NC(C)(C)C(=O)N[C@@H](CCC(=O)N)C(=O)NCC(=O)N[C@@H]([C@@H](C)O)C(=O)N[C@@H](Cc1ccccc1)C(=O)N[C@@H]([C@@H](C)O)C(=O)N[C@@H](CO)C(=O)N[C@@H](CC(=O)O)C(=O)N[C@@H](Cc1ccc(O)cc1)C(=O)N[C@@H](CO)C(=O)N[C@@H]([C@H](CC)C)C(=O)N[C@@H](Cc1c[nH]cn1)C(=O)N[C@@H](CC(C)C)C(=O)N[C@@H](CC(=O)O)C(=O)NC(C)(C)C(=O)N[C@@H](CCCCN)C(=O)N[C@@H](C)C(=O)N[C@@H](CCC(=O)N)C(=O)N[C@@H](CCC(=O)N)C(=O)N[C@@H](C)C(=O)N[C@@H](Cc1ccccc1)C(=O)N[C@@H]([C@H](CC)C)C(=O)N[C@@H](CCC(=O)O)C(=O)N[C@@H](Cc1c[nH]c2ccccc12)C(=O)N[C@@H](CC(C)C)C(=O)N[C@@H](CC(C)C)C(=O)N[C@@H](CCC(=O)O)C(=O)N[C@@H](CCC(=O)N)C(=O)NCC(=O)N1[C@@H](CCC1)C(=O)N[C@@H](CO)C(=O)N[C@@H](CO)C(=O)NCC(=O)N[C@@H](C)C(=O)N1[C@@H](CCC1)C(=O)N1[C@@H](CCC1)C(=O)N1[C@@H](CCC1)C(=O)N[C@@H](CO)C(=O)O,Y--Aib--Q--G--T--F--T--S--D--Y--S--I--H--L--D--Aib--K--A--Q--Q--A--F--I--E--W--L--L--E--Q--G--P--S--S--G--A--P--P--P--S,"['N[C@@H](Cc1ccc(O)cc1)C(=O)O', 'NC(C)(C)C(=O)O', 'N[C@@H](CCC(=O)N)C(=O)O', 'NCC(=O)O', 'N[C@@H]([C@@H](C)O)C(=O)O', 'N[C@@H](Cc1ccccc1)C(=O)O', 'N[C@@H]([C@@H](C)O)C(=O)O', 'N[C@@H](CO)C(=O)O', 'N[C@@H](CC(=O)O)C(=O)O', 'N[C@@H](Cc1ccc(O)cc1)C(=O)O', 'N[C@@H](CO)C(=O)O', 'N[C@@H]([C@H](CC)C)C(=O)O', 'N[C@@H](Cc1c[nH]cn1)C(=O)O', 'N[C@@H](CC(C)C)C(=O)O', 'N[C@@H](CC(=O)O)C(=O)O', 'NC(C)(C)C(=O)O', 'N[C@@H](CCCCN)C(=O)O', 'N[C@@H](C)C(=O)O', 'N[C@@H](CCC(=O)N)C(=O)O', 'N[C@@H](CCC(=O)N)C(=O)O', 'N[C@@H](C)C(=O)O', 'N[C@@H](Cc1ccccc1)C(=O)O', 'N[C@@H]([C@H](CC)C)C(=O)O', 'N[C@@H](CCC(=O)O)C(=O)O', 'N[C@@H](Cc1c[nH]c2ccccc12)C(=O)O', 'N[C@@H](CC(C)C)C(=O)O', 'N[C@@H](CC(C)C)C(=O)O', 'N[C@@H](CCC(=O)O)C(=O)O', 'N[C@@H](CCC(=O)N)C(=O)O', 'NCC(=O)O', 'N1[C@@H](CCC1)C(=O)O', 'N[C@@H](CO)C(=O)O', 'N[C@@H](CO)C(=O)O', 'NCC(=O)O', 'N[C@@H](C)C(=O)O', 'N1[C@@H](CCC1)C(=O)O', 'N1[C@@H](CCC1)C(=O)O', 'N1[C@@H](CCC1)C(=O)O', 'N[C@@H](CO)C(=O)O']",39,"['Y', 'Aib', 'Q', 'G', 'T', 'F', 'T', 'S', 'D', 'Y', 'S', 'I', 'H', 'L', 'D', 'Aib', 'K', 'A', 'Q', 'Q', 'A', 'F', 'I', 'E', 'W', 'L', 'L', 'E', 'Q', 'G', 'P', 'S', 'S', 'G', 'A', 'P', 'P', 'P', 'S']","['N[C@@H](Cc1ccc(O)cc1)C(=O)O', 'NC(C)(C)C(=O)O', 'N[C@@H](CCC(=O)N)C(=O)O', 'NCC(=O)O', 'N[C@@H]([C@@H](C)O)C(=O)O', 'N[C@@H](Cc1ccccc1)C(=O)O', 'N[C@@H]([C@@H](C)O)C(=O)O', 'N[C@@H](CO)C(=O)O', 'N[C@@H](CC(=O)O)C(=O)O', 'N[C@@H](Cc1ccc(O)cc1)C(=O)O', 'N[C@@H](CO)C(=O)O', 'N[C@@H]([C@H](CC)C)C(=O)O', 'N[C@@H](Cc1c[nH]cn1)C(=O)O', 'N[C@@H](CC(C)C)C(=O)O', 'N[C@@H](CC(=O)O)C(=O)O', 'NC(C)(C)C(=O)O', 'N[C@@H](CCCCN)C(=O)O', 'N[C@@H](C)C(=O)O', 'N[C@@H](CCC(=O)N)C(=O)O', 'N[C@@H](CCC(=O)N)C(=O)O', 'N[C@@H](C)C(=O)O', 'N[C@@H](Cc1ccccc1)C(=O)O', 'N[C@@H]([C@H](CC)C)C(=O)O', 'N[C@@H](CCC(=O)O)C(=O)O', 'N[C@@H](Cc1c[nH]c2ccccc12)C(=O)O', 'N[C@@H](CC(C)C)C(=O)O', 'N[C@@H](CC(C)C)C(=O)O', 'N[C@@H](CCC(=O)O)C(=O)O', 'N[C@@H](CCC(=O)N)C(=O)O', 'NCC(=O)O', 'N1[C@@H](CCC1)C(=O)O', 'N[C@@H](CO)C(=O)O', 'N[C@@H](CO)C(=O)O', 'NCC(=O)O', 'N[C@@H](C)C(=O)O', 'N1[C@@H](CCC1)C(=O)O', 'N1[C@@H](CCC1)C(=O)O', 'N1[C@@H](CCC1)C(=O)O', 'N[C@@H](CO)C(=O)O']"
172,Backbone-03,N[C@@H](Cc1ccc(O)cc1)C(=O)NC(C)(C)C(=O)N[C@@H](CCC(=O)N)C(=O)NCC(=O)N[C@@H]([C@@H](C)O)C(=O)N[C@@H](Cc1ccccc1)C(=O)N[C@@H]([C@@H](C)O)C(=O)N[C@@H](CO)C(=O)N[C@@H](CC(=O)O)C(=O)N[C@@H](Cc1ccc(O)cc1)C(=O)N[C@@H](CO)C(=O)N[C@@H]([C@H](CC)C)C(=O)N[C@@H]([C@H](CC)C)C(=O)N[C@@H](CC(C)C)C(=O)N[C@@H](CC(=O)O)C(=O)N[C@@H](CCSC)C(=O)N[C@@H](CCCCN)C(=O)N[C@@H](C)C(=O)N[C@@H](CCC(=O)N)C(=O)N[C@@H](C)C(=O)N[C@@H](C)C(=O)N[C@@H](Cc1ccccc1)C(=O)N[C@@H]([C@H](CC)C)C(=O)N[C@@H](CCC(=O)O)C(=O)N[C@@H](Cc1c[nH]c2ccccc12)C(=O)N[C@@H](CC(C)C)C(=O)N[C@@H](CC(C)C)C(=O)N[C@@H](CCC(=O)O)C(=O)N[C@@H](C)C(=O)NCC(=O)N1[C@@H](CCC1)C(=O)N[C@@H](CO)C(=O)N[C@@H](CO)C(=O)NCC(=O)N[C@@H](C)C(=O)N1[C@@H](CCC1)C(=O)N1[C@@H](CCC1)C(=O)N1[C@@H](CCC1)C(=O)N[C@@H](CO)C(=O)O,Y--Aib--Q--G--T--F--T--S--D--Y--S--I--I--L--D--M--K--A--Q--A--A--F--I--E--W--L--L--E--A--G--P--S--S--G--A--P--P--P--S,"['N[C@@H](Cc1ccc(O)cc1)C(=O)O', 'NC(C)(C)C(=O)O', 'N[C@@H](CCC(=O)N)C(=O)O', 'NCC(=O)O', 'N[C@@H]([C@@H](C)O)C(=O)O', 'N[C@@H](Cc1ccccc1)C(=O)O', 'N[C@@H]([C@@H](C)O)C(=O)O', 'N[C@@H](CO)C(=O)O', 'N[C@@H](CC(=O)O)C(=O)O', 'N[C@@H](Cc1ccc(O)cc1)C(=O)O', 'N[C@@H](CO)C(=O)O', 'N[C@@H]([C@H](CC)C)C(=O)O', 'N[C@@H]([C@H](CC)C)C(=O)O', 'N[C@@H](CC(C)C)C(=O)O', 'N[C@@H](CC(=O)O)C(=O)O', 'N[C@@H](CCSC)C(=O)O', 'N[C@@H](CCCCN)C(=O)O', 'N[C@@H](C)C(=O)O', 'N[C@@H](CCC(=O)N)C(=O)O', 'N[C@@H](C)C(=O)O', 'N[C@@H](C)C(=O)O', 'N[C@@H](Cc1ccccc1)C(=O)O', 'N[C@@H]([C@H](CC)C)C(=O)O', 'N[C@@H](CCC(=O)O)C(=O)O', 'N[C@@H](Cc1c[nH]c2ccccc12)C(=O)O', 'N[C@@H](CC(C)C)C(=O)O', 'N[C@@H](CC(C)C)C(=O)O', 'N[C@@H](CCC(=O)O)C(=O)O', 'N[C@@H](C)C(=O)O', 'NCC(=O)O', 'N1[C@@H](CCC1)C(=O)O', 'N[C@@H](CO)C(=O)O', 'N[C@@H](CO)C(=O)O', 'NCC(=O)O', 'N[C@@H](C)C(=O)O', 'N1[C@@H](CCC1)C(=O)O', 'N1[C@@H](CCC1)C(=O)O', 'N1[C@@H](CCC1)C(=O)O', 'N[C@@H](CO)C(=O)O']",39,"['Y', 'Aib', 'Q', 'G', 'T', 'F', 'T', 'S', 'D', 'Y', 'S', 'I', 'I', 'L', 'D', 'M', 'K', 'A', 'Q', 'A', 'A', 'F', 'I', 'E', 'W', 'L', 'L', 'E', 'A', 'G', 'P', 'S', 'S', 'G', 'A', 'P', 'P', 'P', 'S']","['N[C@@H](Cc1ccc(O)cc1)C(=O)O', 'NC(C)(C)C(=O)O', 'N[C@@H](CCC(=O)N)C(=O)O', 'NCC(=O)O', 'N[C@@H]([C@@H](C)O)C(=O)O', 'N[C@@H](Cc1ccccc1)C(=O)O', 'N[C@@H]([C@@H](C)O)C(=O)O', 'N[C@@H](CO)C(=O)O', 'N[C@@H](CC(=O)O)C(=O)O', 'N[C@@H](Cc1ccc(O)cc1)C(=O)O', 'N[C@@H](CO)C(=O)O', 'N[C@@H]([C@H](CC)C)C(=O)O', 'N[C@@H]([C@H](CC)C)C(=O)O', 'N[C@@H](CC(C)C)C(=O)O', 'N[C@@H](CC(=O)O)C(=O)O', 'N[C@@H](CCSC)C(=O)O', 'N[C@@H](CCCCN)C(=O)O', 'N[C@@H](C)C(=O)O', 'N[C@@H](CCC(=O)N)C(=O)O', 'N[C@@H](C)C(=O)O', 'N[C@@H](C)C(=O)O', 'N[C@@H](Cc1ccccc1)C(=O)O', 'N[C@@H]([C@H](CC)C)C(=O)O', 'N[C@@H](CCC(=O)O)C(=O)O', 'N[C@@H](Cc1c[nH]c2ccccc12)C(=O)O', 'N[C@@H](CC(C)C)C(=O)O', 'N[C@@H](CC(C)C)C(=O)O', 'N[C@@H](CCC(=O)O)C(=O)O', 'N[C@@H](C)C(=O)O', 'NCC(=O)O', 'N1[C@@H](CCC1)C(=O)O', 'N[C@@H](CO)C(=O)O', 'N[C@@H](CO)C(=O)O', 'NCC(=O)O', 'N[C@@H](C)C(=O)O', 'N1[C@@H](CCC1)C(=O)O', 'N1[C@@H](CCC1)C(=O)O', 'N1[C@@H](CCC1)C(=O)O', 'N[C@@H](CO)C(=O)O']"
21,Backbone-04,N[C@@H](Cc1ccc(O)cc1)C(=O)NC(C)(C)C(=O)N[C@@H](CCC(=O)N)C(=O)NCC(=O)N[C@@H]([C@@H](C)O)C(=O)N[C@@H](Cc1ccc(O)cc1)C(=O)N[C@@H]([C@@H](C)O)C(=O)N[C@@H](CO)C(=O)N[C@@H](CC(=O)O)C(=O)N[C@@H](Cc1ccc(O)cc1)C(=O)N[C@@H](CO)C(=O)N[C@@H]([C@H](CC)C)C(=O)N[C@@H](CC(C)C)C(=O)N[C@@H](CC(C)C)C(=O)N[C@@H](CC(=O)O)C(=O)N[C@@H](CCCCN)C(=O)N[C@@H](CCCNC(=N)N)C(=O)N[C@@H](C)C(=O)N[C@@H](C)C(=O)N[C@@H](C)C(=O)N[C@@H](CCC(=O)O)C(=O)N[C@@H](Cc1ccccc1)C(=O)N[C@@H]([C@H](CC)C)C(=O)N[C@@H](CCC(=O)O)C(=O)N[C@@H](Cc1c[nH]c2ccccc12)C(=O)N[C@@H](CC(C)C)C(=O)N[C@@H](CC(C)C)C(=O)N[C@@H](CCC(=O)O)C(=O)NCC(=O)NCC(=O)N1[C@@H](CCC1)C(=O)N[C@@H](CO)C(=O)N[C@@H](CO)C(=O)NCC(=O)N[C@@H](C)C(=O)N1[C@@H](CCC1)C(=O)N1[C@@H](CCC1)C(=O)N1[C@@H](CCC1)C(=O)N[C@@H](CO)C(=O)O,Y--Aib--Q--G--T--Y--T--S--D--Y--S--I--L--L--D--K--R--A--A--A--E--F--I--E--W--L--L--E--G--G--P--S--S--G--A--P--P--P--S,"['N[C@@H](Cc1ccc(O)cc1)C(=O)O', 'NC(C)(C)C(=O)O', 'N[C@@H](CCC(=O)N)C(=O)O', 'NCC(=O)O', 'N[C@@H]([C@@H](C)O)C(=O)O', 'N[C@@H](Cc1ccc(O)cc1)C(=O)O', 'N[C@@H]([C@@H](C)O)C(=O)O', 'N[C@@H](CO)C(=O)O', 'N[C@@H](CC(=O)O)C(=O)O', 'N[C@@H](Cc1ccc(O)cc1)C(=O)O', 'N[C@@H](CO)C(=O)O', 'N[C@@H]([C@H](CC)C)C(=O)O', 'N[C@@H](CC(C)C)C(=O)O', 'N[C@@H](CC(C)C)C(=O)O', 'N[C@@H](CC(=O)O)C(=O)O', 'N[C@@H](CCCCN)C(=O)O', 'N[C@@H](CCCNC(=N)N)C(=O)O', 'N[C@@H](C)C(=O)O', 'N[C@@H](C)C(=O)O', 'N[C@@H](C)C(=O)O', 'N[C@@H](CCC(=O)O)C(=O)O', 'N[C@@H](Cc1ccccc1)C(=O)O', 'N[C@@H]([C@H](CC)C)C(=O)O', 'N[C@@H](CCC(=O)O)C(=O)O', 'N[C@@H](Cc1c[nH]c2ccccc12)C(=O)O', 'N[C@@H](CC(C)C)C(=O)O', 'N[C@@H](CC(C)C)C(=O)O', 'N[C@@H](CCC(=O)O)C(=O)O', 'NCC(=O)O', 'NCC(=O)O', 'N1[C@@H](CCC1)C(=O)O', 'N[C@@H](CO)C(=O)O', 'N[C@@H](CO)C(=O)O', 'NCC(=O)O', 'N[C@@H](C)C(=O)O', 'N1[C@@H](CCC1)C(=O)O', 'N1[C@@H](CCC1)C(=O)O', 'N1[C@@H](CCC1)C(=O)O', 'N[C@@H](CO)C(=O)O']",39,"['Y', 'Aib', 'Q', 'G', 'T', 'Y', 'T', 'S', 'D', 'Y', 'S', 'I', 'L', 'L', 'D', 'K', 'R', 'A', 'A', 'A', 'E', 'F', 'I', 'E', 'W', 'L', 'L', 'E', 'G', 'G', 'P', 'S', 'S', 'G', 'A', 'P', 'P', 'P', 'S']","['N[C@@H](Cc1ccc(O)cc1)C(=O)O', 'NC(C)(C)C(=O)O', 'N[C@@H](CCC(=O)N)C(=O)O', 'NCC(=O)O', 'N[C@@H]([C@@H](C)O)C(=O)O', 'N[C@@H](Cc1ccc(O)cc1)C(=O)O', 'N[C@@H]([C@@H](C)O)C(=O)O', 'N[C@@H](CO)C(=O)O', 'N[C@@H](CC(=O)O)C(=O)O', 'N[C@@H](Cc1ccc(O)cc1)C(=O)O', 'N[C@@H](CO)C(=O)O', 'N[C@@H]([C@H](CC)C)C(=O)O', 'N[C@@H](CC(C)C)C(=O)O', 'N[C@@H](CC(C)C)C(=O)O', 'N[C@@H](CC(=O)O)C(=O)O', 'N[C@@H](CCCCN)C(=O)O', 'N[C@@H](CCCNC(=N)N)C(=O)O', 'N[C@@H](C)C(=O)O', 'N[C@@H](C)C(=O)O', 'N[C@@H](C)C(=O)O', 'N[C@@H](CCC(=O)O)C(=O)O', 'N[C@@H](Cc1ccccc1)C(=O)O', 'N[C@@H]([C@H](CC)C)C(=O)O', 'N[C@@H](CCC(=O)O)C(=O)O', 'N[C@@H](Cc1c[nH]c2ccccc12)C(=O)O', 'N[C@@H](CC(C)C)C(=O)O', 'N[C@@H](CC(C)C)C(=O)O', 'N[C@@H](CCC(=O)O)C(=O)O', 'NCC(=O)O', 'NCC(=O)O', 'N1[C@@H](CCC1)C(=O)O', 'N[C@@H](CO)C(=O)O', 'N[C@@H](CO)C(=O)O', 'NCC(=O)O', 'N[C@@H](C)C(=O)O', 'N1[C@@H](CCC1)C(=O)O', 'N1[C@@H](CCC1)C(=O)O', 'N1[C@@H](CCC1)C(=O)O', 'N[C@@H](CO)C(=O)O']"
49,Backbone-05,N[C@@H](Cc1ccc(O)cc1)C(=O)NC(C)(C)C(=O)N[C@@H](CCC(=O)N)C(=O)NCC(=O)N[C@@H]([C@@H](C)O)C(=O)N[C@@H](Cc1ccc(O)cc1)C(=O)N[C@@H]([C@@H](C)O)C(=O)N[C@@H](CO)C(=O)N[C@@H](CC(=O)O)C(=O)N[C@@H](Cc1ccc(O)cc1)C(=O)N[C@@H](CO)C(=O)N[C@@H]([C@H](CC)C)C(=O)N[C@@H](CC(C)C)C(=O)N[C@@H](CC(C)C)C(=O)N[C@@H](CC(=O)O)C(=O)N[C@@H](CCCCN)C(=O)N[C@@H](CCC(=O)N)C(=O)N[C@@H](C)C(=O)N[C@@H](C)C(=O)NC(C)(C)C(=O)N[C@@H](CCCNC(=N)N)C(=O)N[C@@H](Cc1ccccc1)C(=O)N[C@@H]([C@H](CC)C)C(=O)N[C@@H](CCC(=O)O)C(=O)N[C@@H](Cc1c[nH]c2ccccc12)C(=O)N[C@@H](CC(C)C)C(=O)N[C@@H](CC(C)C)C(=O)N[C@@H](CCC(=O)O)C(=O)NCC(=O)NCC(=O)N1[C@@H](CCC1)C(=O)N[C@@H](CO)C(=O)N[C@@H](CO)C(=O)NCC(=O)NCC(=O)N1[C@@H](CCC1)C(=O)N1[C@@H](CCC1)C(=O)N1[C@@H](CCC1)C(=O)N[C@@H](CO)C(=O)O,Y--Aib--Q--G--T--Y--T--S--D--Y--S--I--L--L--D--K--Q--A--A--Aib--R--F--I--E--W--L--L--E--G--G--P--S--S--G--G--P--P--P--S,"['N[C@@H](Cc1ccc(O)cc1)C(=O)O', 'NC(C)(C)C(=O)O', 'N[C@@H](CCC(=O)N)C(=O)O', 'NCC(=O)O', 'N[C@@H]([C@@H](C)O)C(=O)O', 'N[C@@H](Cc1ccc(O)cc1)C(=O)O', 'N[C@@H]([C@@H](C)O)C(=O)O', 'N[C@@H](CO)C(=O)O', 'N[C@@H](CC(=O)O)C(=O)O', 'N[C@@H](Cc1ccc(O)cc1)C(=O)O', 'N[C@@H](CO)C(=O)O', 'N[C@@H]([C@H](CC)C)C(=O)O', 'N[C@@H](CC(C)C)C(=O)O', 'N[C@@H](CC(C)C)C(=O)O', 'N[C@@H](CC(=O)O)C(=O)O', 'N[C@@H](CCCCN)C(=O)O', 'N[C@@H](CCC(=O)N)C(=O)O', 'N[C@@H](C)C(=O)O', 'N[C@@H](C)C(=O)O', 'NC(C)(C)C(=O)O', 'N[C@@H](CCCNC(=N)N)C(=O)O', 'N[C@@H](Cc1ccccc1)C(=O)O', 'N[C@@H]([C@H](CC)C)C(=O)O', 'N[C@@H](CCC(=O)O)C(=O)O', 'N[C@@H](Cc1c[nH]c2ccccc12)C(=O)O', 'N[C@@H](CC(C)C)C(=O)O', 'N[C@@H](CC(C)C)C(=O)O', 'N[C@@H](CCC(=O)O)C(=O)O', 'NCC(=O)O', 'NCC(=O)O', 'N1[C@@H](CCC1)C(=O)O', 'N[C@@H](CO)C(=O)O', 'N[C@@H](CO)C(=O)O', 'NCC(=O)O', 'NCC(=O)O', 'N1[C@@H](CCC1)C(=O)O', 'N1[C@@H](CCC1)C(=O)O', 'N1[C@@H](CCC1)C(=O)O', 'N[C@@H](CO)C(=O)O']",39,"['Y', 'Aib', 'Q', 'G', 'T', 'Y', 'T', 'S', 'D', 'Y', 'S', 'I', 'L', 'L', 'D', 'K', 'Q', 'A', 'A', 'Aib', 'R', 'F', 'I', 'E', 'W', 'L', 'L', 'E', 'G', 'G', 'P', 'S', 'S', 'G', 'G', 'P', 'P', 'P', 'S']","['N[C@@H](Cc1ccc(O)cc1)C(=O)O', 'NC(C)(C)C(=O)O', 'N[C@@H](CCC(=O)N)C(=O)O', 'NCC(=O)O', 'N[C@@H]([C@@H](C)O)C(=O)O', 'N[C@@H](Cc1ccc(O)cc1)C(=O)O', 'N[C@@H]([C@@H](C)O)C(=O)O', 'N[C@@H](CO)C(=O)O', 'N[C@@H](CC(=O)O)C(=O)O', 'N[C@@H](Cc1ccc(O)cc1)C(=O)O', 'N[C@@H](CO)C(=O)O', 'N[C@@H]([C@H](CC)C)C(=O)O', 'N[C@@H](CC(C)C)C(=O)O', 'N[C@@H](CC(C)C)C(=O)O', 'N[C@@H](CC(=O)O)C(=O)O', 'N[C@@H](CCCCN)C(=O)O', 'N[C@@H](CCC(=O)N)C(=O)O', 'N[C@@H](C)C(=O)O', 'N[C@@H](C)C(=O)O', 'NC(C)(C)C(=O)O', 'N[C@@H](CCCNC(=N)N)C(=O)O', 'N[C@@H](Cc1ccccc1)C(=O)O', 'N[C@@H]([C@H](CC)C)C(=O)O', 'N[C@@H](CCC(=O)O)C(=O)O', 'N[C@@H](Cc1c[nH]c2ccccc12)C(=O)O', 'N[C@@H](CC(C)C)C(=O)O', 'N[C@@H](CC(C)C)C(=O)O', 'N[C@@H](CCC(=O)O)C(=O)O', 'NCC(=O)O', 'NCC(=O)O', 'N1[C@@H](CCC1)C(=O)O', 'N[C@@H](CO)C(=O)O', 'N[C@@H](CO)C(=O)O', 'NCC(=O)O', 'NCC(=O)O', 'N1[C@@H](CCC1)C(=O)O', 'N1[C@@H](CCC1)C(=O)O', 'N1[C@@H](CCC1)C(=O)O', 'N[C@@H](CO)C(=O)O']"
181,Backbone-06,N[C@@H](Cc1ccc(O)cc1)C(=O)NC(C)(C)C(=O)N[C@@H](CCC(=O)O)C(=O)NCC(=O)N[C@@H]([C@@H](C)O)C(=O)N[C@@H](Cc1ccccc1)C(=O)N[C@@H]([C@@H](C)O)C(=O)N[C@@H](CO)C(=O)N[C@@H](CC(=O)O)C(=O)N[C@@H](Cc1ccc(O)cc1)C(=O)N[C@@H](CO)C(=O)N[C@@H]([C@H](CC)C)C(=O)N[C@@H](Cc1c[nH]cn1)C(=O)N[C@@H](CC(C)C)C(=O)N[C@@H](CC(=O)O)C(=O)N[C@@H](CC(C)C)C(=O)N[C@@H](CCC(=O)N)C(=O)N[C@@H](C)C(=O)N[C@@H](CCC(=O)N)C(=O)N[C@@H](C)C(=O)N[C@@H](C)C(=O)N[C@@H](Cc1ccccc1)C(=O)N[C@@H]([C@H](CC)C)C(=O)N[C@@H](CCC(=O)O)C(=O)N[C@@H](Cc1c[nH]c2ccccc12)C(=O)N[C@@H](CC(C)C)C(=O)N[C@@H](CC(C)C)C(=O)N[C@@H](CCC(=O)O)C(=O)N[C@@H](CC(C)C)C(=O)NCC(=O)N1[C@@H](CCC1)C(=O)N[C@@H](CO)C(=O)N[C@@H](C)C(=O)NCC(=O)N[C@@H](C)C(=O)N1[C@@H](CCC1)C(=O)N1[C@@H](CCC1)C(=O)N1[C@@H](CCC1)C(=O)N[C@@H](CO)C(=O)O,Y--Aib--E--G--T--F--T--S--D--Y--S--I--H--L--D--L--Q--A--Q--A--A--F--I--E--W--L--L--E--L--G--P--S--A--G--A--P--P--P--S,"['N[C@@H](Cc1ccc(O)cc1)C(=O)O', 'NC(C)(C)C(=O)O', 'N[C@@H](CCC(=O)O)C(=O)O', 'NCC(=O)O', 'N[C@@H]([C@@H](C)O)C(=O)O', 'N[C@@H](Cc1ccccc1)C(=O)O', 'N[C@@H]([C@@H](C)O)C(=O)O', 'N[C@@H](CO)C(=O)O', 'N[C@@H](CC(=O)O)C(=O)O', 'N[C@@H](Cc1ccc(O)cc1)C(=O)O', 'N[C@@H](CO)C(=O)O', 'N[C@@H]([C@H](CC)C)C(=O)O', 'N[C@@H](Cc1c[nH]cn1)C(=O)O', 'N[C@@H](CC(C)C)C(=O)O', 'N[C@@H](CC(=O)O)C(=O)O', 'N[C@@H](CC(C)C)C(=O)O', 'N[C@@H](CCC(=O)N)C(=O)O', 'N[C@@H](C)C(=O)O', 'N[C@@H](CCC(=O)N)C(=O)O', 'N[C@@H](C)C(=O)O', 'N[C@@H](C)C(=O)O', 'N[C@@H](Cc1ccccc1)C(=O)O', 'N[C@@H]([C@H](CC)C)C(=O)O', 'N[C@@H](CCC(=O)O)C(=O)O', 'N[C@@H](Cc1c[nH]c2ccccc12)C(=O)O', 'N[C@@H](CC(C)C)C(=O)O', 'N[C@@H](CC(C)C)C(=O)O', 'N[C@@H](CCC(=O)O)C(=O)O', 'N[C@@H](CC(C)C)C(=O)O', 'NCC(=O)O', 'N1[C@@H](CCC1)C(=O)O', 'N[C@@H](CO)C(=O)O', 'N[C@@H](C)C(=O)O', 'NCC(=O)O', 'N[C@@H](C)C(=O)O', 'N1[C@@H](CCC1)C(=O)O', 'N1[C@@H](CCC1)C(=O)O', 'N1[C@@H](CCC1)C(=O)O', 'N[C@@H](CO)C(=O)O']",39,"['Y', 'Aib', 'E', 'G', 'T', 'F', 'T', 'S', 'D', 'Y', 'S', 'I', 'H', 'L', 'D', 'L', 'Q', 'A', 'Q', 'A', 'A', 'F', 'I', 'E', 'W', 'L', 'L', 'E', 'L', 'G', 'P', 'S', 'A', 'G', 'A', 'P', 'P', 'P', 'S']","['N[C@@H](Cc1ccc(O)cc1)C(=O)O', 'NC(C)(C)C(=O)O', 'N[C@@H](CCC(=O)O)C(=O)O', 'NCC(=O)O', 'N[C@@H]([C@@H](C)O)C(=O)O', 'N[C@@H](Cc1ccccc1)C(=O)O', 'N[C@@H]([C@@H](C)O)C(=O)O', 'N[C@@H](CO)C(=O)O', 'N[C@@H](CC(=O)O)C(=O)O', 'N[C@@H](Cc1ccc(O)cc1)C(=O)O', 'N[C@@H](CO)C(=O)O', 'N[C@@H]([C@H](CC)C)C(=O)O', 'N[C@@H](Cc1c[nH]cn1)C(=O)O', 'N[C@@H](CC(C)C)C(=O)O', 'N[C@@H](CC(=O)O)C(=O)O', 'N[C@@H](CC(C)C)C(=O)O', 'N[C@@H](CCC(=O)N)C(=O)O', 'N[C@@H](C)C(=O)O', 'N[C@@H](CCC(=O)N)C(=O)O', 'N[C@@H](C)C(=O)O', 'N[C@@H](C)C(=O)O', 'N[C@@H](Cc1ccccc1)C(=O)O', 'N[C@@H]([C@H](CC)C)C(=O)O', 'N[C@@H](CCC(=O)O)C(=O)O', 'N[C@@H](Cc1c[nH]c2ccccc12)C(=O)O', 'N[C@@H](CC(C)C)C(=O)O', 'N[C@@H](CC(C)C)C(=O)O', 'N[C@@H](CCC(=O)O)C(=O)O', 'N[C@@H](CC(C)C)C(=O)O', 'NCC(=O)O', 'N1[C@@H](CCC1)C(=O)O', 'N[C@@H](CO)C(=O)O', 'N[C@@H](C)C(=O)O', 'NCC(=O)O', 'N[C@@H](C)C(=O)O', 'N1[C@@H](CCC1)C(=O)O', 'N1[C@@H](CCC1)C(=O)O', 'N1[C@@H](CCC1)C(=O)O', 'N[C@@H](CO)C(=O)O']"
114,Backbone-07,N[C@@H](Cc1ccc(O)cc1)C(=O)NC(C)(C)C(=O)N[C@@H](CCC(=O)N)C(=O)NCC(=O)N[C@@H]([C@@H](C)O)C(=O)N[C@@H](Cc1ccccc1)C(=O)N[C@@H]([C@@H](C)O)C(=O)N[C@@H](CO)C(=O)N[C@@H](CC(=O)O)C(=O)N[C@@H](Cc1ccc(O)cc1)C(=O)N[C@@H](CO)C(=O)N[C@@H]([C@H](CC)C)C(=O)N[C@@H](Cc1c[nH]cn1)C(=O)N[C@@H](CC(C)C)C(=O)N[C@@H](CC(=O)O)C(=O)N[C@@H](CCC(=O)O)C(=O)N[C@@H](CCC(=O)N)C(=O)N[C@@H](C)C(=O)N[C@@H](CCC(=O)N)C(=O)N[C@@H](CCCNC(=N)N)C(=O)NC(C)(C)C(=O)N[C@@H](Cc1ccccc1)C(=O)N[C@@H]([C@H](CC)C)C(=O)N[C@@H](CCC(=O)O)C(=O)N[C@@H](Cc1c[nH]c2ccccc12)C(=O)N[C@@H](CC(C)C)C(=O)N[C@@H](CC(C)C)C(=O)N[C@@H](CCC(=O)O)C(=O)N[C@@H](CC(C)C)C(=O)NCC(=O)N1[C@@H](CCC1)C(=O)N[C@@H](CO)C(=O)N[C@@H](C)C(=O)NCC(=O)N[C@@H](C)C(=O)N1[C@@H](CCC1)C(=O)N1[C@@H](CCC1)C(=O)N1[C@@H](CCC1)C(=O)N[C@@H](CO)C(=O)O,Y--Aib--Q--G--T--F--T--S--D--Y--S--I--H--L--D--E--Q--A--Q--R--Aib--F--I--E--W--L--L--E--L--G--P--S--A--G--A--P--P--P--S,"['N[C@@H](Cc1ccc(O)cc1)C(=O)O', 'NC(C)(C)C(=O)O', 'N[C@@H](CCC(=O)N)C(=O)O', 'NCC(=O)O', 'N[C@@H]([C@@H](C)O)C(=O)O', 'N[C@@H](Cc1ccccc1)C(=O)O', 'N[C@@H]([C@@H](C)O)C(=O)O', 'N[C@@H](CO)C(=O)O', 'N[C@@H](CC(=O)O)C(=O)O', 'N[C@@H](Cc1ccc(O)cc1)C(=O)O', 'N[C@@H](CO)C(=O)O', 'N[C@@H]([C@H](CC)C)C(=O)O', 'N[C@@H](Cc1c[nH]cn1)C(=O)O', 'N[C@@H](CC(C)C)C(=O)O', 'N[C@@H](CC(=O)O)C(=O)O', 'N[C@@H](CCC(=O)O)C(=O)O', 'N[C@@H](CCC(=O)N)C(=O)O', 'N[C@@H](C)C(=O)O', 'N[C@@H](CCC(=O)N)C(=O)O', 'N[C@@H](CCCNC(=N)N)C(=O)O', 'NC(C)(C)C(=O)O', 'N[C@@H](Cc1ccccc1)C(=O)O', 'N[C@@H]([C@H](CC)C)C(=O)O', 'N[C@@H](CCC(=O)O)C(=O)O', 'N[C@@H](Cc1c[nH]c2ccccc12)C(=O)O', 'N[C@@H](CC(C)C)C(=O)O', 'N[C@@H](CC(C)C)C(=O)O', 'N[C@@H](CCC(=O)O)C(=O)O', 'N[C@@H](CC(C)C)C(=O)O', 'NCC(=O)O', 'N1[C@@H](CCC1)C(=O)O', 'N[C@@H](CO)C(=O)O', 'N[C@@H](C)C(=O)O', 'NCC(=O)O', 'N[C@@H](C)C(=O)O', 'N1[C@@H](CCC1)C(=O)O', 'N1[C@@H](CCC1)C(=O)O', 'N1[C@@H](CCC1)C(=O)O', 'N[C@@H](CO)C(=O)O']",39,"['Y', 'Aib', 'Q', 'G', 'T', 'F', 'T', 'S', 'D', 'Y', 'S', 'I', 'H', 'L', 'D', 'E', 'Q', 'A', 'Q', 'R', 'Aib', 'F', 'I', 'E', 'W', 'L', 'L', 'E', 'L', 'G', 'P', 'S', 'A', 'G', 'A', 'P', 'P', 'P', 'S']","['N[C@@H](Cc1ccc(O)cc1)C(=O)O', 'NC(C)(C)C(=O)O', 'N[C@@H](CCC(=O)N)C(=O)O', 'NCC(=O)O', 'N[C@@H]([C@@H](C)O)C(=O)O', 'N[C@@H](Cc1ccccc1)C(=O)O', 'N[C@@H]([C@@H](C)O)C(=O)O', 'N[C@@H](CO)C(=O)O', 'N[C@@H](CC(=O)O)C(=O)O', 'N[C@@H](Cc1ccc(O)cc1)C(=O)O', 'N[C@@H](CO)C(=O)O', 'N[C@@H]([C@H](CC)C)C(=O)O', 'N[C@@H](Cc1c[nH]cn1)C(=O)O', 'N[C@@H](CC(C)C)C(=O)O', 'N[C@@H](CC(=O)O)C(=O)O', 'N[C@@H](CCC(=O)O)C(=O)O', 'N[C@@H](CCC(=O)N)C(=O)O', 'N[C@@H](C)C(=O)O', 'N[C@@H](CCC(=O)N)C(=O)O', 'N[C@@H](CCCNC(=N)N)C(=O)O', 'NC(C)(C)C(=O)O', 'N[C@@H](Cc1ccccc1)C(=O)O', 'N[C@@H]([C@H](CC)C)C(=O)O', 'N[C@@H](CCC(=O)O)C(=O)O', 'N[C@@H](Cc1c[nH]c2ccccc12)C(=O)O', 'N[C@@H](CC(C)C)C(=O)O', 'N[C@@H](CC(C)C)C(=O)O', 'N[C@@H](CCC(=O)O)C(=O)O', 'N[C@@H](CC(C)C)C(=O)O', 'NCC(=O)O', 'N1[C@@H](CCC1)C(=O)O', 'N[C@@H](CO)C(=O)O', 'N[C@@H](C)C(=O)O', 'NCC(=O)O', 'N[C@@H](C)C(=O)O', 'N1[C@@H](CCC1)C(=O)O', 'N1[C@@H](CCC1)C(=O)O', 'N1[C@@H](CCC1)C(=O)O', 'N[C@@H](CO)C(=O)O']"
128,Backbone-08,N[C@@H](Cc1ccc(O)cc1)C(=O)NC(C)(C)C(=O)N[C@@H](CCC(=O)O)C(=O)NCC(=O)N[C@@H]([C@@H](C)O)C(=O)N[C@@H](Cc1ccccc1)C(=O)N[C@@H]([C@@H](C)O)C(=O)N[C@@H](CO)C(=O)N[C@@H](CC(=O)O)C(=O)N[C@@H](Cc1ccc(O)cc1)C(=O)N[C@@H](CO)C(=O)N[C@@H]([C@H](CC)C)C(=O)N[C@@H](CC(C)C)C(=O)N[C@@H](CC(C)C)C(=O)N[C@@H](CC(=O)O)C(=O)N[C@@H](CCC(=O)O)C(=O)N[C@@H](CCC(=O)N)C(=O)N[C@@H](C)C(=O)N[C@@H](C)C(=O)N[C@@H](C)C(=O)N[C@@H](CCCCN)C(=O)N[C@@H](Cc1ccccc1)C(=O)N[C@@H]([C@H](CC)C)C(=O)N[C@@H](CCC(=O)O)C(=O)N[C@@H](Cc1c[nH]c2ccccc12)C(=O)N[C@@H](CC(C)C)C(=O)N[C@@H](CC(C)C)C(=O)N[C@@H](CCC(=O)O)C(=O)N[C@@H](C)C(=O)NCC(=O)N1[C@@H](CCC1)C(=O)N[C@@H](CO)C(=O)N[C@@H](CO)C(=O)NCC(=O)NCC(=O)N1[C@@H](CCC1)C(=O)N1[C@@H](CCC1)C(=O)N1[C@@H](CCC1)C(=O)N[C@@H](CO)C(=O)O,Y--Aib--E--G--T--F--T--S--D--Y--S--I--L--L--D--E--Q--A--A--A--K--F--I--E--W--L--L--E--A--G--P--S--S--G--G--P--P--P--S,"['N[C@@H](Cc1ccc(O)cc1)C(=O)O', 'NC(C)(C)C(=O)O', 'N[C@@H](CCC(=O)O)C(=O)O', 'NCC(=O)O', 'N[C@@H]([C@@H](C)O)C(=O)O', 'N[C@@H](Cc1ccccc1)C(=O)O', 'N[C@@H]([C@@H](C)O)C(=O)O', 'N[C@@H](CO)C(=O)O', 'N[C@@H](CC(=O)O)C(=O)O', 'N[C@@H](Cc1ccc(O)cc1)C(=O)O', 'N[C@@H](CO)C(=O)O', 'N[C@@H]([C@H](CC)C)C(=O)O', 'N[C@@H](CC(C)C)C(=O)O', 'N[C@@H](CC(C)C)C(=O)O', 'N[C@@H](CC(=O)O)C(=O)O', 'N[C@@H](CCC(=O)O)C(=O)O', 'N[C@@H](CCC(=O)N)C(=O)O', 'N[C@@H](C)C(=O)O', 'N[C@@H](C)C(=O)O', 'N[C@@H](C)C(=O)O', 'N[C@@H](CCCCN)C(=O)O', 'N[C@@H](Cc1ccccc1)C(=O)O', 'N[C@@H]([C@H](CC)C)C(=O)O', 'N[C@@H](CCC(=O)O)C(=O)O', 'N[C@@H](Cc1c[nH]c2ccccc12)C(=O)O', 'N[C@@H](CC(C)C)C(=O)O', 'N[C@@H](CC(C)C)C(=O)O', 'N[C@@H](CCC(=O)O)C(=O)O', 'N[C@@H](C)C(=O)O', 'NCC(=O)O', 'N1[C@@H](CCC1)C(=O)O', 'N[C@@H](CO)C(=O)O', 'N[C@@H](CO)C(=O)O', 'NCC(=O)O', 'NCC(=O)O', 'N1[C@@H](CCC1)C(=O)O', 'N1[C@@H](CCC1)C(=O)O', 'N1[C@@H](CCC1)C(=O)O', 'N[C@@H](CO)C(=O)O']",39,"['Y', 'Aib', 'E', 'G', 'T', 'F', 'T', 'S', 'D', 'Y', 'S', 'I', 'L', 'L', 'D', 'E', 'Q', 'A', 'A', 'A', 'K', 'F', 'I', 'E', 'W', 'L', 'L', 'E', 'A', 'G', 'P', 'S', 'S', 'G', 'G', 'P', 'P', 'P', 'S']","['N[C@@H](Cc1ccc(O)cc1)C(=O)O', 'NC(C)(C)C(=O)O', 'N[C@@H](CCC(=O)O)C(=O)O', 'NCC(=O)O', 'N[C@@H]([C@@H](C)O)C(=O)O', 'N[C@@H](Cc1ccccc1)C(=O)O', 'N[C@@H]([C@@H](C)O)C(=O)O', 'N[C@@H](CO)C(=O)O', 'N[C@@H](CC(=O)O)C(=O)O', 'N[C@@H](Cc1ccc(O)cc1)C(=O)O', 'N[C@@H](CO)C(=O)O', 'N[C@@H]([C@H](CC)C)C(=O)O', 'N[C@@H](CC(C)C)C(=O)O', 'N[C@@H](CC(C)C)C(=O)O', 'N[C@@H](CC(=O)O)C(=O)O', 'N[C@@H](CCC(=O)O)C(=O)O', 'N[C@@H](CCC(=O)N)C(=O)O', 'N[C@@H](C)C(=O)O', 'N[C@@H](C)C(=O)O', 'N[C@@H](C)C(=O)O', 'N[C@@H](CCCCN)C(=O)O', 'N[C@@H](Cc1ccccc1)C(=O)O', 'N[C@@H]([C@H](CC)C)C(=O)O', 'N[C@@H](CCC(=O)O)C(=O)O', 'N[C@@H](Cc1c[nH]c2ccccc12)C(=O)O', 'N[C@@H](CC(C)C)C(=O)O', 'N[C@@H](CC(C)C)C(=O)O', 'N[C@@H](CCC(=O)O)C(=O)O', 'N[C@@H](C)C(=O)O', 'NCC(=O)O', 'N1[C@@H](CCC1)C(=O)O', 'N[C@@H](CO)C(=O)O', 'N[C@@H](CO)C(=O)O', 'NCC(=O)O', 'NCC(=O)O', 'N1[C@@H](CCC1)C(=O)O', 'N1[C@@H](CCC1)C(=O)O', 'N1[C@@H](CCC1)C(=O)O', 'N[C@@H](CO)C(=O)O']"
154,Backbone-09,N[C@@H](Cc1ccc(O)cc1)C(=O)NC(C)(C)C(=O)N[C@@H](Cc1ccc(O)cc1)C(=O)NCC(=O)N[C@@H]([C@@H](C)O)C(=O)N[C@@H]([C@@H](C)O)C(=O)N[C@@H]([C@@H](C)O)C(=O)N[C@@H](CO)C(=O)N[C@@H](CC(=O)O)C(=O)N[C@@H](Cc1ccc(O)cc1)C(=O)N[C@@H](CO)C(=O)N[C@@H]([C@H](CC)C)C(=O)N[C@@H](CC(C)C)C(=O)N[C@@H](CC(C)C)C(=O)N[C@@H](CC(=O)O)C(=O)N[C@@H](CCCCN)C(=O)N[C@@H](CCC(=O)N)C(=O)N[C@@H](C)C(=O)N[C@@H](C)C(=O)N[C@@H](C)C(=O)N[C@@H](CCCCN)C(=O)N[C@@H](Cc1ccccc1)C(=O)N[C@@H]([C@H](CC)C)C(=O)N[C@@H](C(C)C)C(=O)N[C@@H](Cc1c[nH]c2ccccc12)C(=O)N[C@@H](CC(C)C)C(=O)N[C@@H](CC(C)C)C(=O)N[C@@H](CCC(=O)O)C(=O)N[C@@H](C)C(=O)NCC(=O)N1[C@@H](CCC1)C(=O)N[C@@H](CO)C(=O)N[C@@H](C)C(=O)NCC(=O)N[C@@H](CO)C(=O)N1[C@@H](CCC1)C(=O)N1[C@@H](CCC1)C(=O)N1[C@@H](CCC1)C(=O)N[C@@H](CO)C(=O)O,Y--Aib--Y--G--T--T--T--S--D--Y--S--I--L--L--D--K--Q--A--A--A--K--F--I--V--W--L--L--E--A--G--P--S--A--G--S--P--P--P--S,"['N[C@@H](Cc1ccc(O)cc1)C(=O)O', 'NC(C)(C)C(=O)O', 'N[C@@H](Cc1ccc(O)cc1)C(=O)O', 'NCC(=O)O', 'N[C@@H]([C@@H](C)O)C(=O)O', 'N[C@@H]([C@@H](C)O)C(=O)O', 'N[C@@H]([C@@H](C)O)C(=O)O', 'N[C@@H](CO)C(=O)O', 'N[C@@H](CC(=O)O)C(=O)O', 'N[C@@H](Cc1ccc(O)cc1)C(=O)O', 'N[C@@H](CO)C(=O)O', 'N[C@@H]([C@H](CC)C)C(=O)O', 'N[C@@H](CC(C)C)C(=O)O', 'N[C@@H](CC(C)C)C(=O)O', 'N[C@@H](CC(=O)O)C(=O)O', 'N[C@@H](CCCCN)C(=O)O', 'N[C@@H](CCC(=O)N)C(=O)O', 'N[C@@H](C)C(=O)O', 'N[C@@H](C)C(=O)O', 'N[C@@H](C)C(=O)O', 'N[C@@H](CCCCN)C(=O)O', 'N[C@@H](Cc1ccccc1)C(=O)O', 'N[C@@H]([C@H](CC)C)C(=O)O', 'N[C@@H](C(C)C)C(=O)O', 'N[C@@H](Cc1c[nH]c2ccccc12)C(=O)O', 'N[C@@H](CC(C)C)C(=O)O', 'N[C@@H](CC(C)C)C(=O)O', 'N[C@@H](CCC(=O)O)C(=O)O', 'N[C@@H](C)C(=O)O', 'NCC(=O)O', 'N1[C@@H](CCC1)C(=O)O', 'N[C@@H](CO)C(=O)O', 'N[C@@H](C)C(=O)O', 'NCC(=O)O', 'N[C@@H](CO)C(=O)O', 'N1[C@@H](CCC1)C(=O)O', 'N1[C@@H](CCC1)C(=O)O', 'N1[C@@H](CCC1)C(=O)O', 'N[C@@H](CO)C(=O)O']",39,"['Y', 'Aib', 'Y', 'G', 'T', 'T', 'T', 'S', 'D', 'Y', 'S', 'I', 'L', 'L', 'D', 'K', 'Q', 'A', 'A', 'A', 'K', 'F', 'I', 'V', 'W', 'L', 'L', 'E', 'A', 'G', 'P', 'S', 'A', 'G', 'S', 'P', 'P', 'P', 'S']","['N[C@@H](Cc1ccc(O)cc1)C(=O)O', 'NC(C)(C)C(=O)O', 'N[C@@H](Cc1ccc(O)cc1)C(=O)O', 'NCC(=O)O', 'N[C@@H]([C@@H](C)O)C(=O)O', 'N[C@@H]([C@@H](C)O)C(=O)O', 'N[C@@H]([C@@H](C)O)C(=O)O', 'N[C@@H](CO)C(=O)O', 'N[C@@H](CC(=O)O)C(=O)O', 'N[C@@H](Cc1ccc(O)cc1)C(=O)O', 'N[C@@H](CO)C(=O)O', 'N[C@@H]([C@H](CC)C)C(=O)O', 'N[C@@H](CC(C)C)C(=O)O', 'N[C@@H](CC(C)C)C(=O)O', 'N[C@@H](CC(=O)O)C(=O)O', 'N[C@@H](CCCCN)C(=O)O', 'N[C@@H](CCC(=O)N)C(=O)O', 'N[C@@H](C)C(=O)O', 'N[C@@H](C)C(=O)O', 'N[C@@H](C)C(=O)O', 'N[C@@H](CCCCN)C(=O)O', 'N[C@@H](Cc1ccccc1)C(=O)O', 'N[C@@H]([C@H](CC)C)C(=O)O', 'N[C@@H](C(C)C)C(=O)O', 'N[C@@H](Cc1c[nH]c2ccccc12)C(=O)O', 'N[C@@H](CC(C)C)C(=O)O', 'N[C@@H](CC(C)C)C(=O)O', 'N[C@@H](CCC(=O)O)C(=O)O', 'N[C@@H](C)C(=O)O', 'NCC(=O)O', 'N1[C@@H](CCC1)C(=O)O', 'N[C@@H](CO)C(=O)O', 'N[C@@H](C)C(=O)O', 'NCC(=O)O', 'N[C@@H](CO)C(=O)O', 'N1[C@@H](CCC1)C(=O)O', 'N1[C@@H](CCC1)C(=O)O', 'N1[C@@H](CCC1)C(=O)O', 'N[C@@H](CO)C(=O)O']"
144,Backbone-10,N[C@@H](Cc1ccc(O)cc1)C(=O)NC(C)(C)C(=O)N[C@@H](CCC(=O)N)C(=O)NCC(=O)N[C@@H]([C@@H](C)O)C(=O)N[C@@H](Cc1ccccc1)C(=O)N[C@@H]([C@@H](C)O)C(=O)N[C@@H](CO)C(=O)N[C@@H](CC(=O)O)C(=O)N[C@@H](Cc1ccc(O)cc1)C(=O)N[C@@H](CO)C(=O)N[C@@H]([C@H](CC)C)C(=O)N[C@@H](CC(C)C)C(=O)N[C@@H](CC(C)C)C(=O)N[C@@H](CC(=O)O)C(=O)N[C@@H](CCCCN)C(=O)N[C@@H]([C@H](CC)C)C(=O)N[C@@H](C)C(=O)N[C@@H](C)C(=O)N[C@@H](CCC(=O)N)C(=O)N[C@@H](C)C(=O)N[C@@H](Cc1ccccc1)C(=O)N[C@@H]([C@H](CC)C)C(=O)N[C@@H](CCC(=O)O)C(=O)N[C@@H](Cc1ccc(O)cc1)C(=O)N[C@@H](CC(C)C)C(=O)N[C@@H](CC(C)C)C(=O)N[C@@H](CCC(=O)O)C(=O)NCC(=O)NCC(=O)N1[C@@H](CCC1)C(=O)N[C@@H](CO)C(=O)N[C@@H](CCCCN)C(=O)NCC(=O)N[C@@H](C)C(=O)N1[C@@H](CCC1)C(=O)N1[C@@H](CCC1)C(=O)N1[C@@H](CCC1)C(=O)N[C@@H](CO)C(=O)O,Y--Aib--Q--G--T--F--T--S--D--Y--S--I--L--L--D--K--I--A--A--Q--A--F--I--E--Y--L--L--E--G--G--P--S--K--G--A--P--P--P--S,"['N[C@@H](Cc1ccc(O)cc1)C(=O)O', 'NC(C)(C)C(=O)O', 'N[C@@H](CCC(=O)N)C(=O)O', 'NCC(=O)O', 'N[C@@H]([C@@H](C)O)C(=O)O', 'N[C@@H](Cc1ccccc1)C(=O)O', 'N[C@@H]([C@@H](C)O)C(=O)O', 'N[C@@H](CO)C(=O)O', 'N[C@@H](CC(=O)O)C(=O)O', 'N[C@@H](Cc1ccc(O)cc1)C(=O)O', 'N[C@@H](CO)C(=O)O', 'N[C@@H]([C@H](CC)C)C(=O)O', 'N[C@@H](CC(C)C)C(=O)O', 'N[C@@H](CC(C)C)C(=O)O', 'N[C@@H](CC(=O)O)C(=O)O', 'N[C@@H](CCCCN)C(=O)O', 'N[C@@H]([C@H](CC)C)C(=O)O', 'N[C@@H](C)C(=O)O', 'N[C@@H](C)C(=O)O', 'N[C@@H](CCC(=O)N)C(=O)O', 'N[C@@H](C)C(=O)O', 'N[C@@H](Cc1ccccc1)C(=O)O', 'N[C@@H]([C@H](CC)C)C(=O)O', 'N[C@@H](CCC(=O)O)C(=O)O', 'N[C@@H](Cc1ccc(O)cc1)C(=O)O', 'N[C@@H](CC(C)C)C(=O)O', 'N[C@@H](CC(C)C)C(=O)O', 'N[C@@H](CCC(=O)O)C(=O)O', 'NCC(=O)O', 'NCC(=O)O', 'N1[C@@H](CCC1)C(=O)O', 'N[C@@H](CO)C(=O)O', 'N[C@@H](CCCCN)C(=O)O', 'NCC(=O)O', 'N[C@@H](C)C(=O)O', 'N1[C@@H](CCC1)C(=O)O', 'N1[C@@H](CCC1)C(=O)O', 'N1[C@@H](CCC1)C(=O)O', 'N[C@@H](CO)C(=O)O']",39,"['Y', 'Aib', 'Q', 'G', 'T', 'F', 'T', 'S', 'D', 'Y', 'S', 'I', 'L', 'L', 'D', 'K', 'I', 'A', 'A', 'Q', 'A', 'F', 'I', 'E', 'Y', 'L', 'L', 'E', 'G', 'G', 'P', 'S', 'K', 'G', 'A', 'P', 'P', 'P', 'S']","['N[C@@H](Cc1ccc(O)cc1)C(=O)O', 'NC(C)(C)C(=O)O', 'N[C@@H](CCC(=O)N)C(=O)O', 'NCC(=O)O', 'N[C@@H]([C@@H](C)O)C(=O)O', 'N[C@@H](Cc1ccccc1)C(=O)O', 'N[C@@H]([C@@H](C)O)C(=O)O', 'N[C@@H](CO)C(=O)O', 'N[C@@H](CC(=O)O)C(=O)O', 'N[C@@H](Cc1ccc(O)cc1)C(=O)O', 'N[C@@H](CO)C(=O)O', 'N[C@@H]([C@H](CC)C)C(=O)O', 'N[C@@H](CC(C)C)C(=O)O', 'N[C@@H](CC(C)C)C(=O)O', 'N[C@@H](CC(=O)O)C(=O)O', 'N[C@@H](CCCCN)C(=O)O', 'N[C@@H]([C@H](CC)C)C(=O)O', 'N[C@@H](C)C(=O)O', 'N[C@@H](C)C(=O)O', 'N[C@@H](CCC(=O)N)C(=O)O', 'N[C@@H](C)C(=O)O', 'N[C@@H](Cc1ccccc1)C(=O)O', 'N[C@@H]([C@H](CC)C)C(=O)O', 'N[C@@H](CCC(=O)O)C(=O)O', 'N[C@@H](Cc1ccc(O)cc1)C(=O)O', 'N[C@@H](CC(C)C)C(=O)O', 'N[C@@H](CC(C)C)C(=O)O', 'N[C@@H](CCC(=O)O)C(=O)O', 'NCC(=O)O', 'NCC(=O)O', 'N1[C@@H](CCC1)C(=O)O', 'N[C@@H](CO)C(=O)O', 'N[C@@H](CCCCN)C(=O)O', 'NCC(=O)O', 'N[C@@H](C)C(=O)O', 'N1[C@@H](CCC1)C(=O)O', 'N1[C@@H](CCC1)C(=O)O', 'N1[C@@H](CCC1)C(=O)O', 'N[C@@H](CO)C(=O)O']"
1,Retatrutide_Backbone,N[C@@H](Cc1ccc(O)cc1)C(=O)NC(C)(C)C(=O)N[C@@H](CCC(=O)N)C(=O)NCC(=O)N[C@@H]([C@@H](C)O)C(=O)N[C@@H](Cc1ccccc1)C(=O)N[C@@H]([C@@H](C)O)C(=O)N[C@@H](CO)C(=O)N[C@@H](CC(=O)O)C(=O)N[C@@H](Cc1ccc(O)cc1)C(=O)N[C@@H](CO)C(=O)N[C@@H]([C@H](CC)C)C(=O)N[C@](CC(C)C)(C)C(=O)N[C@@H](CC(C)C)C(=O)N[C@@H](CC(=O)O)C(=O)N[C@@H](CCCCN)C(=O)N[C@@H](CCCCN)C(=O)N[C@@H](C)C(=O)N[C@@H](CCC(=O)N)C(=O)NC(C)(C)C(=O)N[C@@H](C)C(=O)N[C@@H](Cc1ccccc1)C(=O)N[C@@H]([C@H](CC)C)C(=O)N[C@@H](CCC(=O)O)C(=O)N[C@@H](Cc1ccc(O)cc1)C(=O)N[C@@H](CC(C)C)C(=O)N[C@@H](CC(C)C)C(=O)N[C@@H](CCC(=O)O)C(=O)NCC(=O)NCC(=O)N1[C@@H](CCC1)C(=O)N[C@@H](CO)C(=O)N[C@@H](CO)C(=O)NCC(=O)N[C@@H](C)C(=O)N1[C@@H](CCC1)C(=O)N1[C@@H](CCC1)C(=O)N1[C@@H](CCC1)C(=O)N[C@@H](CO)C(=O)O,Y--Aib--Q--G--T--F--T--S--D--Y--S--I--aMeL--L--D--K--K--A--Q--Aib--A--F--I--E--Y--L--L--E--G--G--P--S--S--G--A--P--P--P--S,"['N[C@@H](Cc1ccc(O)cc1)C(=O)O', 'NC(C)(C)C(=O)O', 'N[C@@H](CCC(=O)N)C(=O)O', 'NCC(=O)O', 'N[C@@H]([C@@H](C)O)C(=O)O', 'N[C@@H](Cc1ccccc1)C(=O)O', 'N[C@@H]([C@@H](C)O)C(=O)O', 'N[C@@H](CO)C(=O)O', 'N[C@@H](CC(=O)O)C(=O)O', 'N[C@@H](Cc1ccc(O)cc1)C(=O)O', 'N[C@@H](CO)C(=O)O', 'N[C@@H]([C@H](CC)C)C(=O)O', 'N[C@](CC(C)C)(C)C(=O)O', 'N[C@@H](CC(C)C)C(=O)O', 'N[C@@H](CC(=O)O)C(=O)O', 'N[C@@H](CCCCN)C(=O)O', 'N[C@@H](CCCCN)C(=O)O', 'N[C@@H](C)C(=O)O', 'N[C@@H](CCC(=O)N)C(=O)O', 'NC(C)(C)C(=O)O', 'N[C@@H](C)C(=O)O', 'N[C@@H](Cc1ccccc1)C(=O)O', 'N[C@@H]([C@H](CC)C)C(=O)O', 'N[C@@H](CCC(=O)O)C(=O)O', 'N[C@@H](Cc1ccc(O)cc1)C(=O)O', 'N[C@@H](CC(C)C)C(=O)O', 'N[C@@H](CC(C)C)C(=O)O', 'N[C@@H](CCC(=O)O)C(=O)O', 'NCC(=O)O', 'NCC(=O)O', 'N1[C@@H](CCC1)C(=O)O', 'N[C@@H](CO)C(=O)O', 'N[C@@H](CO)C(=O)O', 'NCC(=O)O', 'N[C@@H](C)C(=O)O', 'N1[C@@H](CCC1)C(=O)O', 'N1[C@@H](CCC1)C(=O)O', 'N1[C@@H](CCC1)C(=O)O', 'N[C@@H](CO)C(=O)O']",39,"['Y', 'Aib', 'Q', 'G', 'T', 'F', 'T', 'S', 'D', 'Y', 'S', 'I', 'aMeL', 'L', 'D', 'K', 'K', 'A', 'Q', 'Aib', 'A', 'F', 'I', 'E', 'Y', 'L', 'L', 'E', 'G', 'G', 'P', 'S', 'S', 'G', 'A', 'P', 'P', 'P', 'S']","['N[C@@H](Cc1ccc(O)cc1)C(=O)O', 'NC(C)(C)C(=O)O', 'N[C@@H](CCC(=O)N)C(=O)O', 'NCC(=O)O', 'N[C@@H]([C@@H](C)O)C(=O)O', 'N[C@@H](Cc1ccccc1)C(=O)O', 'N[C@@H]([C@@H](C)O)C(=O)O', 'N[C@@H](CO)C(=O)O', 'N[C@@H](CC(=O)O)C(=O)O', 'N[C@@H](Cc1ccc(O)cc1)C(=O)O', 'N[C@@H](CO)C(=O)O', 'N[C@@H]([C@H](CC)C)C(=O)O', 'N[C@](CC(C)C)(C)C(=O)O', 'N[C@@H](CC(C)C)C(=O)O', 'N[C@@H](CC(=O)O)C(=O)O', 'N[C@@H](CCCCN)C(=O)O', 'N[C@@H](CCCCN)C(=O)O', 'N[C@@H](C)C(=O)O', 'N[C@@H](CCC(=O)N)C(=O)O', 'NC(C)(C)C(=O)O', 'N[C@@H](C)C(=O)O', 'N[C@@H](Cc1ccccc1)C(=O)O', 'N[C@@H]([C@H](CC)C)C(=O)O', 'N[C@@H](CCC(=O)O)C(=O)O', 'N[C@@H](Cc1ccc(O)cc1)C(=O)O', 'N[C@@H](CC(C)C)C(=O)O', 'N[C@@H](CC(C)C)C(=O)O', 'N[C@@H](CCC(=O)O)C(=O)O', 'NCC(=O)O', 'NCC(=O)O', 'N1[C@@H](CCC1)C(=O)O', 'N[C@@H](CO)C(=O)O', 'N[C@@H](CO)C(=O)O', 'NCC(=O)O', 'N[C@@H](C)C(=O)O', 'N1[C@@H](CCC1)C(=O)O', 'N1[C@@H](CCC1)C(=O)O', 'N1[C@@H](CCC1)C(=O)O', 'N[C@@H](CO)C(=O)O']"