ID,core_smiles,mutation_pos_1,pep_sequence,pep_smiles,length,pep_sequence_model,pep_smiles_model
Bit-10,N[C@@H](Cc1ccc(O)cc1)C(=O)NC(C)(C)C(=O)N[C@@H](CCC(=O)N)C(=O)NCC(=O)N[C@@H]([C@@H](C)O)C(=O)N[C@@H](Cc1ccccc1)C(=O)N[C@@H]([C@@H](C)O)C(=O)N[C@@H](CO)C(=O)N[C@@H](CC(=O)O)C(=O)N[C@@H](Cc1ccc(O)cc1)C(=O)N[C@@H](CO)C(=O)N[C@@H]([C@H](CC)C)C(=O)N[C@@H](CC(C)C)C(=O)N[C@@H](CC(C)C)C(=O)N[C@@H](CC(=O)O)C(=O)N[C@@H](CCCCN)C(=O)N[C@@H]([C@H](CC)C)C(=O)N[C@@H](C)C(=O)N[C@@H](C)C(=O)N[C@@H](CCC(=O)N)C(=O)N[C@@H](C)C(=O)N[C@@H](Cc1ccccc1)C(=O)N[C@@H]([C@H](CC)C)C(=O)N[C@@H](CCC(=O)O)C(=O)N[C@@H](Cc1ccc(O)cc1)C(=O)N[C@@H](CC(C)C)C(=O)N[C@@H](CC(C)C)C(=O)N[C@@H](CCC(=O)O)C(=O)NCC(=O)NCC(=O)N1[C@@H](CCC1)C(=O)N[C@@H](CO)C(=O)N[C@@H](CCCCN)C(=O)NCC(=O)N[C@@H](C)C(=O)N1[C@@H](CCC1)C(=O)N1[C@@H](CCC1)C(=O)N1[C@@H](CCC1)C(=O)N[C@@H](CO)C(=O)O,33,Y--Aib--Q--G--T--F--T--S--D--Y--S--I--L--L--D--K--I--A--A--Q--A--F--I--E--Y--L--L--E--G--G--P--S--K--G--A--P--P--P--S,"['N[C@@H](Cc1ccc(O)cc1)C(=O)O', 'NC(C)(C)C(=O)O', 'N[C@@H](CCC(=O)N)C(=O)O', 'NCC(=O)O', 'N[C@@H]([C@@H](C)O)C(=O)O', 'N[C@@H](Cc1ccccc1)C(=O)O', 'N[C@@H]([C@@H](C)O)C(=O)O', 'N[C@@H](CO)C(=O)O', 'N[C@@H](CC(=O)O)C(=O)O', 'N[C@@H](Cc1ccc(O)cc1)C(=O)O', 'N[C@@H](CO)C(=O)O', 'N[C@@H]([C@H](CC)C)C(=O)O', 'N[C@@H](CC(C)C)C(=O)O', 'N[C@@H](CC(C)C)C(=O)O', 'N[C@@H](CC(=O)O)C(=O)O', 'N[C@@H](CCCCN)C(=O)O', 'N[C@@H]([C@H](CC)C)C(=O)O', 'N[C@@H](C)C(=O)O', 'N[C@@H](C)C(=O)O', 'N[C@@H](CCC(=O)N)C(=O)O', 'N[C@@H](C)C(=O)O', 'N[C@@H](Cc1ccccc1)C(=O)O', 'N[C@@H]([C@H](CC)C)C(=O)O', 'N[C@@H](CCC(=O)O)C(=O)O', 'N[C@@H](Cc1ccc(O)cc1)C(=O)O', 'N[C@@H](CC(C)C)C(=O)O', 'N[C@@H](CC(C)C)C(=O)O', 'N[C@@H](CCC(=O)O)C(=O)O', 'NCC(=O)O', 'NCC(=O)O', 'N1[C@@H](CCC1)C(=O)O', 'N[C@@H](CO)C(=O)O', 'N[C@@H](CCCCN)C(=O)O', 'NCC(=O)O', 'N[C@@H](C)C(=O)O', 'N1[C@@H](CCC1)C(=O)O', 'N1[C@@H](CCC1)C(=O)O', 'N1[C@@H](CCC1)C(=O)O', 'N[C@@H](CO)C(=O)O']",39,"['Y', 'Aib', 'Q', 'G', 'T', 'F', 'T', 'S', 'D', 'Y', 'S', 'I', 'L', 'L', 'D', 'K', 'I', 'A', 'A', 'Q', 'A', 'F', 'I', 'E', 'Y', 'L', 'L', 'E', 'G', 'G', 'P', 'S', 'K', 'G', 'A', 'P', 'P', 'P', 'S']","['N[C@@H](Cc1ccc(O)cc1)C(=O)O', 'NC(C)(C)C(=O)O', 'N[C@@H](CCC(=O)N)C(=O)O', 'NCC(=O)O', 'N[C@@H]([C@@H](C)O)C(=O)O', 'N[C@@H](Cc1ccccc1)C(=O)O', 'N[C@@H]([C@@H](C)O)C(=O)O', 'N[C@@H](CO)C(=O)O', 'N[C@@H](CC(=O)O)C(=O)O', 'N[C@@H](Cc1ccc(O)cc1)C(=O)O', 'N[C@@H](CO)C(=O)O', 'N[C@@H]([C@H](CC)C)C(=O)O', 'N[C@@H](CC(C)C)C(=O)O', 'N[C@@H](CC(C)C)C(=O)O', 'N[C@@H](CC(=O)O)C(=O)O', 'N[C@@H](CCCCN)C(=O)O', 'N[C@@H]([C@H](CC)C)C(=O)O', 'N[C@@H](C)C(=O)O', 'N[C@@H](C)C(=O)O', 'N[C@@H](CCC(=O)N)C(=O)O', 'N[C@@H](C)C(=O)O', 'N[C@@H](Cc1ccccc1)C(=O)O', 'N[C@@H]([C@H](CC)C)C(=O)O', 'N[C@@H](CCC(=O)O)C(=O)O', 'N[C@@H](Cc1ccc(O)cc1)C(=O)O', 'N[C@@H](CC(C)C)C(=O)O', 'N[C@@H](CC(C)C)C(=O)O', 'N[C@@H](CCC(=O)O)C(=O)O', 'NCC(=O)O', 'NCC(=O)O', 'N1[C@@H](CCC1)C(=O)O', 'N[C@@H](CO)C(=O)O', 'N[C@@H](CCCCN)C(=O)O', 'NCC(=O)O', 'N[C@@H](C)C(=O)O', 'N1[C@@H](CCC1)C(=O)O', 'N1[C@@H](CCC1)C(=O)O', 'N1[C@@H](CCC1)C(=O)O', 'N[C@@H](CO)C(=O)O']"
Retatrutide_Backbone,N[C@@H](Cc1ccc(O)cc1)C(=O)NC(C)(C)C(=O)N[C@@H](CCC(=O)N)C(=O)NCC(=O)N[C@@H]([C@@H](C)O)C(=O)N[C@@H](Cc1ccccc1)C(=O)N[C@@H]([C@@H](C)O)C(=O)N[C@@H](CO)C(=O)N[C@@H](CC(=O)O)C(=O)N[C@@H](Cc1ccc(O)cc1)C(=O)N[C@@H](CO)C(=O)N[C@@H]([C@H](CC)C)C(=O)N[C@](CC(C)C)(C)C(=O)N[C@@H](CC(C)C)C(=O)N[C@@H](CC(=O)O)C(=O)N[C@@H](CCCCN)C(=O)N[C@@H](CCCCN)C(=O)N[C@@H](C)C(=O)N[C@@H](CCC(=O)N)C(=O)NC(C)(C)C(=O)N[C@@H](C)C(=O)N[C@@H](Cc1ccccc1)C(=O)N[C@@H]([C@H](CC)C)C(=O)N[C@@H](CCC(=O)O)C(=O)N[C@@H](Cc1ccc(O)cc1)C(=O)N[C@@H](CC(C)C)C(=O)N[C@@H](CC(C)C)C(=O)N[C@@H](CCC(=O)O)C(=O)NCC(=O)NCC(=O)N1[C@@H](CCC1)C(=O)N[C@@H](CO)C(=O)N[C@@H](CO)C(=O)NCC(=O)N[C@@H](C)C(=O)N1[C@@H](CCC1)C(=O)N1[C@@H](CCC1)C(=O)N1[C@@H](CCC1)C(=O)N[C@@H](CO)C(=O)O,17,Y--Aib--Q--G--T--F--T--S--D--Y--S--I--aMeL--L--D--K--K--A--Q--Aib--A--F--I--E--Y--L--L--E--G--G--P--S--S--G--A--P--P--P--S,"['N[C@@H](Cc1ccc(O)cc1)C(=O)O', 'NC(C)(C)C(=O)O', 'N[C@@H](CCC(=O)N)C(=O)O', 'NCC(=O)O', 'N[C@@H]([C@@H](C)O)C(=O)O', 'N[C@@H](Cc1ccccc1)C(=O)O', 'N[C@@H]([C@@H](C)O)C(=O)O', 'N[C@@H](CO)C(=O)O', 'N[C@@H](CC(=O)O)C(=O)O', 'N[C@@H](Cc1ccc(O)cc1)C(=O)O', 'N[C@@H](CO)C(=O)O', 'N[C@@H]([C@H](CC)C)C(=O)O', 'N[C@](CC(C)C)(C)C(=O)O', 'N[C@@H](CC(C)C)C(=O)O', 'N[C@@H](CC(=O)O)C(=O)O', 'N[C@@H](CCCCN)C(=O)O', 'N[C@@H](CCCCN)C(=O)O', 'N[C@@H](C)C(=O)O', 'N[C@@H](CCC(=O)N)C(=O)O', 'NC(C)(C)C(=O)O', 'N[C@@H](C)C(=O)O', 'N[C@@H](Cc1ccccc1)C(=O)O', 'N[C@@H]([C@H](CC)C)C(=O)O', 'N[C@@H](CCC(=O)O)C(=O)O', 'N[C@@H](Cc1ccc(O)cc1)C(=O)O', 'N[C@@H](CC(C)C)C(=O)O', 'N[C@@H](CC(C)C)C(=O)O', 'N[C@@H](CCC(=O)O)C(=O)O', 'NCC(=O)O', 'NCC(=O)O', 'N1[C@@H](CCC1)C(=O)O', 'N[C@@H](CO)C(=O)O', 'N[C@@H](CO)C(=O)O', 'NCC(=O)O', 'N[C@@H](C)C(=O)O', 'N1[C@@H](CCC1)C(=O)O', 'N1[C@@H](CCC1)C(=O)O', 'N1[C@@H](CCC1)C(=O)O', 'N[C@@H](CO)C(=O)O']",39,"['Y', 'Aib', 'Q', 'G', 'T', 'F', 'T', 'S', 'D', 'Y', 'S', 'I', 'aMeL', 'L', 'D', 'K', 'K', 'A', 'Q', 'Aib', 'A', 'F', 'I', 'E', 'Y', 'L', 'L', 'E', 'G', 'G', 'P', 'S', 'S', 'G', 'A', 'P', 'P', 'P', 'S']","['N[C@@H](Cc1ccc(O)cc1)C(=O)O', 'NC(C)(C)C(=O)O', 'N[C@@H](CCC(=O)N)C(=O)O', 'NCC(=O)O', 'N[C@@H]([C@@H](C)O)C(=O)O', 'N[C@@H](Cc1ccccc1)C(=O)O', 'N[C@@H]([C@@H](C)O)C(=O)O', 'N[C@@H](CO)C(=O)O', 'N[C@@H](CC(=O)O)C(=O)O', 'N[C@@H](Cc1ccc(O)cc1)C(=O)O', 'N[C@@H](CO)C(=O)O', 'N[C@@H]([C@H](CC)C)C(=O)O', 'N[C@](CC(C)C)(C)C(=O)O', 'N[C@@H](CC(C)C)C(=O)O', 'N[C@@H](CC(=O)O)C(=O)O', 'N[C@@H](CCCCN)C(=O)O', 'N[C@@H](CCCCN)C(=O)O', 'N[C@@H](C)C(=O)O', 'N[C@@H](CCC(=O)N)C(=O)O', 'NC(C)(C)C(=O)O', 'N[C@@H](C)C(=O)O', 'N[C@@H](Cc1ccccc1)C(=O)O', 'N[C@@H]([C@H](CC)C)C(=O)O', 'N[C@@H](CCC(=O)O)C(=O)O', 'N[C@@H](Cc1ccc(O)cc1)C(=O)O', 'N[C@@H](CC(C)C)C(=O)O', 'N[C@@H](CC(C)C)C(=O)O', 'N[C@@H](CCC(=O)O)C(=O)O', 'NCC(=O)O', 'NCC(=O)O', 'N1[C@@H](CCC1)C(=O)O', 'N[C@@H](CO)C(=O)O', 'N[C@@H](CO)C(=O)O', 'NCC(=O)O', 'N[C@@H](C)C(=O)O', 'N1[C@@H](CCC1)C(=O)O', 'N1[C@@H](CCC1)C(=O)O', 'N1[C@@H](CCC1)C(=O)O', 'N[C@@H](CO)C(=O)O']"
Bit-01,[H]N[C@H](C(NC(C)(C(N[C@@H](CCC(O)=O)C(NCC(N[C@](C(N[C@H](C(N[C@](C(N[C@@H](CO)C(N[C@H](C(N[C@H](C(N[C@@H](CO)C(N[C@](C(N[C@](C(N[C@@H](CC(C)C)C(N[C@H](C(N[C@H](C(N[C@@H](CCCCN)C(N[C@H](C(N[C@@H](CCC(N)=O)C(NC(C)(C(N[C@H](C(N[C@H](C(N[C@](C(N[C@@H](CCC(O)=O)C(N[C@H](C(N[C@@H](CC(C)C)C(N[C@@H](CC(C)C)C(N[C@@H](CCC(O)=O)C(NCC(NCC(N1CCC[C@H]1C(N[C@@H](CO)C(N[C@@H](CCCCN)C(NCC(NCC(N2CCC[C@H]2C(N3CCC[C@H]3C(N4CCC[C@H]4C(N[C@@H](CO)C(O)=O)=O)=O)=O)=O)=O)=O)=O)=O)=O)=O)=O)=O)=O)=O)CC5=CNC6=C5C=CC=C6)=O)=O)([C@@H](C)CC)[H])=O)CC7=CC=CC=C7)=O)C)=O)C)=O)=O)C)=O)=O)C)=O)CC(O)=O)=O)=O)([C@@H](C)CC)[H])=O)([C@@H](C)CC)[H])=O)=O)CC8=CC=C(C=C8)O)=O)CC(O)=O)=O)=O)([C@H](O)C)[H])=O)CC9=CC=CC=C9)=O)([C@H](O)C)[H])=O)=O)=O)C)=O)CC%10=CC=C(O)C=C%10,33,Y--Aib--E--G--T--F--T--S--D--Y--S--I--I--L--D--A--K--A--Q--Aib--A--F--I--E--W--L--L--E--G--G--P--S--K--G--G--P--P--P--S,"['N[C@@H](Cc1ccc(O)cc1)C(=O)O', 'NC(C)(C)C(=O)O', 'N[C@@H](CCC(=O)O)C(=O)O', 'NCC(=O)O', 'N[C@@H]([C@@H](C)O)C(=O)O', 'N[C@@H](Cc1ccccc1)C(=O)O', 'N[C@@H]([C@@H](C)O)C(=O)O', 'N[C@@H](CO)C(=O)O', 'N[C@@H](CC(=O)O)C(=O)O', 'N[C@@H](Cc1ccc(O)cc1)C(=O)O', 'N[C@@H](CO)C(=O)O', 'N[C@@H]([C@H](CC)C)C(=O)O', 'N[C@@H]([C@H](CC)C)C(=O)O', 'N[C@@H](CC(C)C)C(=O)O', 'N[C@@H](CC(=O)O)C(=O)O', 'N[C@@H](C)C(=O)O', 'N[C@@H](CCCCN)C(=O)O', 'N[C@@H](C)C(=O)O', 'N[C@@H](CCC(=O)N)C(=O)O', 'NC(C)(C)C(=O)O', 'N[C@@H](C)C(=O)O', 'N[C@@H](Cc1ccccc1)C(=O)O', 'N[C@@H]([C@H](CC)C)C(=O)O', 'N[C@@H](CCC(=O)O)C(=O)O', 'N[C@@H](Cc1c[nH]c2ccccc12)C(=O)O', 'N[C@@H](CC(C)C)C(=O)O', 'N[C@@H](CC(C)C)C(=O)O', 'N[C@@H](CCC(=O)O)C(=O)O', 'NCC(=O)O', 'NCC(=O)O', 'N1[C@@H](CCC1)C(=O)O', 'N[C@@H](CO)C(=O)O', 'N[C@@H](CCCCN)C(=O)O', 'NCC(=O)O', 'NCC(=O)O', 'N1[C@@H](CCC1)C(=O)O', 'N1[C@@H](CCC1)C(=O)O', 'N1[C@@H](CCC1)C(=O)O', 'N[C@@H](CO)C(=O)O']",39,"['Y', 'Aib', 'E', 'G', 'T', 'F', 'T', 'S', 'D', 'Y', 'S', 'I', 'I', 'L', 'D', 'A', 'K', 'A', 'Q', 'Aib', 'A', 'F', 'I', 'E', 'W', 'L', 'L', 'E', 'G', 'G', 'P', 'S', 'K', 'G', 'G', 'P', 'P', 'P', 'S']","['N[C@@H](Cc1ccc(O)cc1)C(=O)O', 'NC(C)(C)C(=O)O', 'N[C@@H](CCC(=O)O)C(=O)O', 'NCC(=O)O', 'N[C@@H]([C@@H](C)O)C(=O)O', 'N[C@@H](Cc1ccccc1)C(=O)O', 'N[C@@H]([C@@H](C)O)C(=O)O', 'N[C@@H](CO)C(=O)O', 'N[C@@H](CC(=O)O)C(=O)O', 'N[C@@H](Cc1ccc(O)cc1)C(=O)O', 'N[C@@H](CO)C(=O)O', 'N[C@@H]([C@H](CC)C)C(=O)O', 'N[C@@H]([C@H](CC)C)C(=O)O', 'N[C@@H](CC(C)C)C(=O)O', 'N[C@@H](CC(=O)O)C(=O)O', 'N[C@@H](C)C(=O)O', 'N[C@@H](CCCCN)C(=O)O', 'N[C@@H](C)C(=O)O', 'N[C@@H](CCC(=O)N)C(=O)O', 'NC(C)(C)C(=O)O', 'N[C@@H](C)C(=O)O', 'N[C@@H](Cc1ccccc1)C(=O)O', 'N[C@@H]([C@H](CC)C)C(=O)O', 'N[C@@H](CCC(=O)O)C(=O)O', 'N[C@@H](Cc1c[nH]c2ccccc12)C(=O)O', 'N[C@@H](CC(C)C)C(=O)O', 'N[C@@H](CC(C)C)C(=O)O', 'N[C@@H](CCC(=O)O)C(=O)O', 'NCC(=O)O', 'NCC(=O)O', 'N1[C@@H](CCC1)C(=O)O', 'N[C@@H](CO)C(=O)O', 'N[C@@H](CCCCN)C(=O)O', 'NCC(=O)O', 'NCC(=O)O', 'N1[C@@H](CCC1)C(=O)O', 'N1[C@@H](CCC1)C(=O)O', 'N1[C@@H](CCC1)C(=O)O', 'N[C@@H](CO)C(=O)O']"
Bit-02,[H]N[C@H](C(NC(C)(C(N[C@@H](CCC(N)=O)C(NCC(N[C@](C(N[C@H](C(N[C@](C(N[C@@H](CO)C(N[C@H](C(N[C@H](C(N[C@@H](CO)C(N[C@](C(N[C@H](C(N[C@@H](CC(C)C)C(N[C@H](C(NC(C)(C(N[C@@H](CCCCN)C(N[C@H](C(N[C@@H](CCC(N)=O)C(N[C@@H](CCC(N)=O)C(N[C@H](C(N[C@H](C(N[C@](C(N[C@@H](CCC(O)=O)C(N[C@H](C(N[C@@H](CC(C)C)C(N[C@@H](CC(C)C)C(N[C@@H](CCC(O)=O)C(N[C@@H](CCC(N)=O)C(NCC(N1CCC[C@H]1C(N[C@@H](CO)C(N[C@@H](CCCCN)C(NCC(N[C@H](C(N2CCC[C@H]2C(N3CCC[C@H]3C(N4CCC[C@H]4C(N[C@@H](CO)C(O)=O)=O)=O)=O)=O)C)=O)=O)=O)=O)=O)=O)=O)=O)=O)=O)CC5=CNC6=C5C=CC=C6)=O)=O)([C@@H](C)CC)[H])=O)CC7=CC=CC=C7)=O)C)=O)=O)=O)C)=O)=O)C)=O)CC(O)=O)=O)=O)CC8=CN=CN8)=O)([C@@H](C)CC)[H])=O)=O)CC9=CC=C(C=C9)O)=O)CC(O)=O)=O)=O)([C@H](O)C)[H])=O)CC%10=CC=CC=C%10)=O)([C@H](O)C)[H])=O)=O)=O)C)=O)CC%11=CC=C(O)C=C%11,33,Y--Aib--Q--G--T--F--T--S--D--Y--S--I--H--L--D--Aib--K--A--Q--Q--A--F--I--E--W--L--L--E--Q--G--P--S--K--G--A--P--P--P--S,"['N[C@@H](Cc1ccc(O)cc1)C(=O)O', 'NC(C)(C)C(=O)O', 'N[C@@H](CCC(=O)N)C(=O)O', 'NCC(=O)O', 'N[C@@H]([C@@H](C)O)C(=O)O', 'N[C@@H](Cc1ccccc1)C(=O)O', 'N[C@@H]([C@@H](C)O)C(=O)O', 'N[C@@H](CO)C(=O)O', 'N[C@@H](CC(=O)O)C(=O)O', 'N[C@@H](Cc1ccc(O)cc1)C(=O)O', 'N[C@@H](CO)C(=O)O', 'N[C@@H]([C@H](CC)C)C(=O)O', 'N[C@@H](Cc1c[nH]cn1)C(=O)O', 'N[C@@H](CC(C)C)C(=O)O', 'N[C@@H](CC(=O)O)C(=O)O', 'NC(C)(C)C(=O)O', 'N[C@@H](CCCCN)C(=O)O', 'N[C@@H](C)C(=O)O', 'N[C@@H](CCC(=O)N)C(=O)O', 'N[C@@H](CCC(=O)N)C(=O)O', 'N[C@@H](C)C(=O)O', 'N[C@@H](Cc1ccccc1)C(=O)O', 'N[C@@H]([C@H](CC)C)C(=O)O', 'N[C@@H](CCC(=O)O)C(=O)O', 'N[C@@H](Cc1c[nH]c2ccccc12)C(=O)O', 'N[C@@H](CC(C)C)C(=O)O', 'N[C@@H](CC(C)C)C(=O)O', 'N[C@@H](CCC(=O)O)C(=O)O', 'N[C@@H](CCC(=O)N)C(=O)O', 'NCC(=O)O', 'N1[C@@H](CCC1)C(=O)O', 'N[C@@H](CO)C(=O)O', 'N[C@@H](CCCCN)C(=O)O', 'NCC(=O)O', 'N[C@@H](C)C(=O)O', 'N1[C@@H](CCC1)C(=O)O', 'N1[C@@H](CCC1)C(=O)O', 'N1[C@@H](CCC1)C(=O)O', 'N[C@@H](CO)C(=O)O']",39,"['Y', 'Aib', 'Q', 'G', 'T', 'F', 'T', 'S', 'D', 'Y', 'S', 'I', 'H', 'L', 'D', 'Aib', 'K', 'A', 'Q', 'Q', 'A', 'F', 'I', 'E', 'W', 'L', 'L', 'E', 'Q', 'G', 'P', 'S', 'K', 'G', 'A', 'P', 'P', 'P', 'S']","['N[C@@H](Cc1ccc(O)cc1)C(=O)O', 'NC(C)(C)C(=O)O', 'N[C@@H](CCC(=O)N)C(=O)O', 'NCC(=O)O', 'N[C@@H]([C@@H](C)O)C(=O)O', 'N[C@@H](Cc1ccccc1)C(=O)O', 'N[C@@H]([C@@H](C)O)C(=O)O', 'N[C@@H](CO)C(=O)O', 'N[C@@H](CC(=O)O)C(=O)O', 'N[C@@H](Cc1ccc(O)cc1)C(=O)O', 'N[C@@H](CO)C(=O)O', 'N[C@@H]([C@H](CC)C)C(=O)O', 'N[C@@H](Cc1c[nH]cn1)C(=O)O', 'N[C@@H](CC(C)C)C(=O)O', 'N[C@@H](CC(=O)O)C(=O)O', 'NC(C)(C)C(=O)O', 'N[C@@H](CCCCN)C(=O)O', 'N[C@@H](C)C(=O)O', 'N[C@@H](CCC(=O)N)C(=O)O', 'N[C@@H](CCC(=O)N)C(=O)O', 'N[C@@H](C)C(=O)O', 'N[C@@H](Cc1ccccc1)C(=O)O', 'N[C@@H]([C@H](CC)C)C(=O)O', 'N[C@@H](CCC(=O)O)C(=O)O', 'N[C@@H](Cc1c[nH]c2ccccc12)C(=O)O', 'N[C@@H](CC(C)C)C(=O)O', 'N[C@@H](CC(C)C)C(=O)O', 'N[C@@H](CCC(=O)O)C(=O)O', 'N[C@@H](CCC(=O)N)C(=O)O', 'NCC(=O)O', 'N1[C@@H](CCC1)C(=O)O', 'N[C@@H](CO)C(=O)O', 'N[C@@H](CCCCN)C(=O)O', 'NCC(=O)O', 'N[C@@H](C)C(=O)O', 'N1[C@@H](CCC1)C(=O)O', 'N1[C@@H](CCC1)C(=O)O', 'N1[C@@H](CCC1)C(=O)O', 'N[C@@H](CO)C(=O)O']"
Bit-03,[H]N[C@H](C(NC(C(N[C@@H](CCC(N)=O)C(NCC(N[C@]([C@H](O)C)([H])C(N[C@H](C(N[C@]([C@H](O)C)([H])C(N[C@@H](CO)C(N[C@H](C(N[C@H](C(N[C@@H](CO)C(N[C@]([C@@H](C)CC)([H])C(N[C@]([C@@H](C)CC)([H])C(N[C@@H](CC(C)C)C(N[C@H](C(N[C@H](C(N[C@@H](CCCCN)C(N[C@H](C(N[C@@H](CCC(N)=O)C(N[C@H](C(N[C@H](C(N[C@H](C(N[C@]([C@@H](C)CC)([H])C(N[C@@H](CCC(O)=O)C(N[C@H](C(N[C@@H](CC(C)C)C(N[C@@H](CC(C)C)C(N[C@@H](CCC(O)=O)C(N[C@H](C(NCC(N1CCC[C@H]1C(N[C@@H](CO)C(N[C@@H](CCCCN)C(NCC(N[C@H](C(N2CCC[C@H]2C(N3CCC[C@H]3C(N4CCC[C@H]4C(N[C@@H](CO)C(O)=O)=O)=O)=O)=O)C)=O)=O)=O)=O)=O)=O)C)=O)=O)=O)=O)CC5=CNC6=C5C=CC=C6)=O)=O)=O)CC7=CC=CC=C7)=O)C)=O)C)=O)=O)C)=O)=O)CCSC)=O)CC(O)=O)=O)=O)=O)=O)=O)CC(C=C8)=CC=C8O)=O)CC(O)=O)=O)=O)=O)CC9=CC=CC=C9)=O)=O)=O)=O)(C)C)=O)CC%10=CC=C(O)C=C%10,33,Y--Aib--Q--G--T--F--T--S--D--Y--S--I--I--L--D--M--K--A--Q--A--A--F--I--E--W--L--L--E--A--G--P--S--K--G--A--P--P--P--S,"['N[C@@H](Cc1ccc(O)cc1)C(=O)O', 'NC(C)(C)C(=O)O', 'N[C@@H](CCC(=O)N)C(=O)O', 'NCC(=O)O', 'N[C@@H]([C@@H](C)O)C(=O)O', 'N[C@@H](Cc1ccccc1)C(=O)O', 'N[C@@H]([C@@H](C)O)C(=O)O', 'N[C@@H](CO)C(=O)O', 'N[C@@H](CC(=O)O)C(=O)O', 'N[C@@H](Cc1ccc(O)cc1)C(=O)O', 'N[C@@H](CO)C(=O)O', 'N[C@@H]([C@H](CC)C)C(=O)O', 'N[C@@H]([C@H](CC)C)C(=O)O', 'N[C@@H](CC(C)C)C(=O)O', 'N[C@@H](CC(=O)O)C(=O)O', 'N[C@@H](CCSC)C(=O)O', 'N[C@@H](CCCCN)C(=O)O', 'N[C@@H](C)C(=O)O', 'N[C@@H](CCC(=O)N)C(=O)O', 'N[C@@H](C)C(=O)O', 'N[C@@H](C)C(=O)O', 'N[C@@H](Cc1ccccc1)C(=O)O', 'N[C@@H]([C@H](CC)C)C(=O)O', 'N[C@@H](CCC(=O)O)C(=O)O', 'N[C@@H](Cc1c[nH]c2ccccc12)C(=O)O', 'N[C@@H](CC(C)C)C(=O)O', 'N[C@@H](CC(C)C)C(=O)O', 'N[C@@H](CCC(=O)O)C(=O)O', 'N[C@@H](C)C(=O)O', 'NCC(=O)O', 'N1[C@@H](CCC1)C(=O)O', 'N[C@@H](CO)C(=O)O', 'N[C@@H](CCCCN)C(=O)O', 'NCC(=O)O', 'N[C@@H](C)C(=O)O', 'N1[C@@H](CCC1)C(=O)O', 'N1[C@@H](CCC1)C(=O)O', 'N1[C@@H](CCC1)C(=O)O', 'N[C@@H](CO)C(=O)O']",39,"['Y', 'Aib', 'Q', 'G', 'T', 'F', 'T', 'S', 'D', 'Y', 'S', 'I', 'I', 'L', 'D', 'M', 'K', 'A', 'Q', 'A', 'A', 'F', 'I', 'E', 'W', 'L', 'L', 'E', 'A', 'G', 'P', 'S', 'K', 'G', 'A', 'P', 'P', 'P', 'S']","['N[C@@H](Cc1ccc(O)cc1)C(=O)O', 'NC(C)(C)C(=O)O', 'N[C@@H](CCC(=O)N)C(=O)O', 'NCC(=O)O', 'N[C@@H]([C@@H](C)O)C(=O)O', 'N[C@@H](Cc1ccccc1)C(=O)O', 'N[C@@H]([C@@H](C)O)C(=O)O', 'N[C@@H](CO)C(=O)O', 'N[C@@H](CC(=O)O)C(=O)O', 'N[C@@H](Cc1ccc(O)cc1)C(=O)O', 'N[C@@H](CO)C(=O)O', 'N[C@@H]([C@H](CC)C)C(=O)O', 'N[C@@H]([C@H](CC)C)C(=O)O', 'N[C@@H](CC(C)C)C(=O)O', 'N[C@@H](CC(=O)O)C(=O)O', 'N[C@@H](CCSC)C(=O)O', 'N[C@@H](CCCCN)C(=O)O', 'N[C@@H](C)C(=O)O', 'N[C@@H](CCC(=O)N)C(=O)O', 'N[C@@H](C)C(=O)O', 'N[C@@H](C)C(=O)O', 'N[C@@H](Cc1ccccc1)C(=O)O', 'N[C@@H]([C@H](CC)C)C(=O)O', 'N[C@@H](CCC(=O)O)C(=O)O', 'N[C@@H](Cc1c[nH]c2ccccc12)C(=O)O', 'N[C@@H](CC(C)C)C(=O)O', 'N[C@@H](CC(C)C)C(=O)O', 'N[C@@H](CCC(=O)O)C(=O)O', 'N[C@@H](C)C(=O)O', 'NCC(=O)O', 'N1[C@@H](CCC1)C(=O)O', 'N[C@@H](CO)C(=O)O', 'N[C@@H](CCCCN)C(=O)O', 'NCC(=O)O', 'N[C@@H](C)C(=O)O', 'N1[C@@H](CCC1)C(=O)O', 'N1[C@@H](CCC1)C(=O)O', 'N1[C@@H](CCC1)C(=O)O', 'N[C@@H](CO)C(=O)O']"
Bit-04,[H]N[C@H](C(NC(C(N[C@@H](CCC(N)=O)C(NCC(N[C@]([C@H](O)C)([H])C(N[C@H](C(N[C@]([C@H](O)C)([H])C(N[C@@H](CO)C(N[C@H](C(N[C@H](C(N[C@@H](CO)C(N[C@]([C@@H](C)CC)([H])C(N[C@@H](CC(C)C)C(N[C@@H](CC(C)C)C(N[C@H](C(N[C@@H](CCCCN)C(N[C@@H](CCCNC(N)=N)C(N[C@H](C(N[C@H](C(N[C@H](C(N[C@@H](CCC(O)=O)C(N[C@H](C(N[C@]([C@@H](C)CC)([H])C(N[C@@H](CCC(O)=O)C(N[C@H](C(N[C@@H](CC(C)C)C(N[C@@H](CC(C)C)C(N[C@@H](CCC(O)=O)C(NCC(NCC(N1CCC[C@H]1C(N[C@@H](CO)C(N[C@@H](CCCCN)C(NCC(N[C@H](C(N2CCC[C@H]2C(N3CCC[C@H]3C(N4CCC[C@H]4C(N[C@@H](CO)C(O)=O)=O)=O)=O)=O)C)=O)=O)=O)=O)=O)=O)=O)=O)=O)=O)CC5=CNC6=C5C=CC=C6)=O)=O)=O)CC7=CC=CC=C7)=O)=O)C)=O)C)=O)C)=O)=O)=O)CC(O)=O)=O)=O)=O)=O)=O)CC(C=C8)=CC=C8O)=O)CC(O)=O)=O)=O)=O)CC(C=C9)=CC=C9O)=O)=O)=O)=O)(C)C)=O)CC%10=CC=C(O)C=C%10,33,Y--Aib--Q--G--T--Y--T--S--D--Y--S--I--L--L--D--K--R--A--A--A--E--F--I--E--W--L--L--E--G--G--P--S--K--G--A--P--P--P--S,"['N[C@@H](Cc1ccc(O)cc1)C(=O)O', 'NC(C)(C)C(=O)O', 'N[C@@H](CCC(=O)N)C(=O)O', 'NCC(=O)O', 'N[C@@H]([C@@H](C)O)C(=O)O', 'N[C@@H](Cc1ccc(O)cc1)C(=O)O', 'N[C@@H]([C@@H](C)O)C(=O)O', 'N[C@@H](CO)C(=O)O', 'N[C@@H](CC(=O)O)C(=O)O', 'N[C@@H](Cc1ccc(O)cc1)C(=O)O', 'N[C@@H](CO)C(=O)O', 'N[C@@H]([C@H](CC)C)C(=O)O', 'N[C@@H](CC(C)C)C(=O)O', 'N[C@@H](CC(C)C)C(=O)O', 'N[C@@H](CC(=O)O)C(=O)O', 'N[C@@H](CCCCN)C(=O)O', 'N[C@@H](CCCNC(=N)N)C(=O)O', 'N[C@@H](C)C(=O)O', 'N[C@@H](C)C(=O)O', 'N[C@@H](C)C(=O)O', 'N[C@@H](CCC(=O)O)C(=O)O', 'N[C@@H](Cc1ccccc1)C(=O)O', 'N[C@@H]([C@H](CC)C)C(=O)O', 'N[C@@H](CCC(=O)O)C(=O)O', 'N[C@@H](Cc1c[nH]c2ccccc12)C(=O)O', 'N[C@@H](CC(C)C)C(=O)O', 'N[C@@H](CC(C)C)C(=O)O', 'N[C@@H](CCC(=O)O)C(=O)O', 'NCC(=O)O', 'NCC(=O)O', 'N1[C@@H](CCC1)C(=O)O', 'N[C@@H](CO)C(=O)O', 'N[C@@H](CCCCN)C(=O)O', 'NCC(=O)O', 'N[C@@H](C)C(=O)O', 'N1[C@@H](CCC1)C(=O)O', 'N1[C@@H](CCC1)C(=O)O', 'N1[C@@H](CCC1)C(=O)O', 'N[C@@H](CO)C(=O)O']",39,"['Y', 'Aib', 'Q', 'G', 'T', 'Y', 'T', 'S', 'D', 'Y', 'S', 'I', 'L', 'L', 'D', 'K', 'R', 'A', 'A', 'A', 'E', 'F', 'I', 'E', 'W', 'L', 'L', 'E', 'G', 'G', 'P', 'S', 'K', 'G', 'A', 'P', 'P', 'P', 'S']","['N[C@@H](Cc1ccc(O)cc1)C(=O)O', 'NC(C)(C)C(=O)O', 'N[C@@H](CCC(=O)N)C(=O)O', 'NCC(=O)O', 'N[C@@H]([C@@H](C)O)C(=O)O', 'N[C@@H](Cc1ccc(O)cc1)C(=O)O', 'N[C@@H]([C@@H](C)O)C(=O)O', 'N[C@@H](CO)C(=O)O', 'N[C@@H](CC(=O)O)C(=O)O', 'N[C@@H](Cc1ccc(O)cc1)C(=O)O', 'N[C@@H](CO)C(=O)O', 'N[C@@H]([C@H](CC)C)C(=O)O', 'N[C@@H](CC(C)C)C(=O)O', 'N[C@@H](CC(C)C)C(=O)O', 'N[C@@H](CC(=O)O)C(=O)O', 'N[C@@H](CCCCN)C(=O)O', 'N[C@@H](CCCNC(=N)N)C(=O)O', 'N[C@@H](C)C(=O)O', 'N[C@@H](C)C(=O)O', 'N[C@@H](C)C(=O)O', 'N[C@@H](CCC(=O)O)C(=O)O', 'N[C@@H](Cc1ccccc1)C(=O)O', 'N[C@@H]([C@H](CC)C)C(=O)O', 'N[C@@H](CCC(=O)O)C(=O)O', 'N[C@@H](Cc1c[nH]c2ccccc12)C(=O)O', 'N[C@@H](CC(C)C)C(=O)O', 'N[C@@H](CC(C)C)C(=O)O', 'N[C@@H](CCC(=O)O)C(=O)O', 'NCC(=O)O', 'NCC(=O)O', 'N1[C@@H](CCC1)C(=O)O', 'N[C@@H](CO)C(=O)O', 'N[C@@H](CCCCN)C(=O)O', 'NCC(=O)O', 'N[C@@H](C)C(=O)O', 'N1[C@@H](CCC1)C(=O)O', 'N1[C@@H](CCC1)C(=O)O', 'N1[C@@H](CCC1)C(=O)O', 'N[C@@H](CO)C(=O)O']"
Bit-05,[H]N[C@H](C(NC(C)(C(N[C@@H](CCC(N)=O)C(NCC(N[C@](C(N[C@H](C(N[C@](C(N[C@@H](CO)C(N[C@H](C(N[C@H](C(N[C@@H](CO)C(N[C@](C(N[C@@H](CC(C)C)C(N[C@@H](CC(C)C)C(N[C@H](C(N[C@@H](CCCCN)C(N[C@@H](CCC(N)=O)C(N[C@H](C(N[C@H](C(NC(C)(C(N[C@@H](CCCNC(N)=N)C(N[C@H](C(N[C@](C(N[C@@H](CCC(O)=O)C(N[C@H](C(N[C@@H](CC(C)C)C(N[C@@H](CC(C)C)C(N[C@@H](CCC(O)=O)C(NCC(NCC(N1CCC[C@H]1C(N[C@@H](CO)C(N[C@@H](CCCCN)C(NCC(NCC(N2CCC[C@H]2C(N3CCC[C@H]3C(N4CCC[C@H]4C(N[C@@H](CO)C(O)=O)=O)=O)=O)=O)=O)=O)=O)=O)=O)=O)=O)=O)=O)=O)CC5=CNC6=C5C=CC=C6)=O)=O)([C@@H](C)CC)[H])=O)CC7=CC=CC=C7)=O)=O)C)=O)C)=O)C)=O)=O)=O)CC(O)=O)=O)=O)=O)([C@@H](C)CC)[H])=O)=O)CC8=CC=C(C=C8)O)=O)CC(O)=O)=O)=O)([C@H](O)C)[H])=O)CC9=CC=C(C=C9)O)=O)([C@H](O)C)[H])=O)=O)=O)C)=O)CC%10=CC=C(O)C=C%10,33,Y--Aib--Q--G--T--Y--T--S--D--Y--S--I--L--L--D--K--Q--A--A--Aib--R--F--I--E--W--L--L--E--G--G--P--S--K--G--G--P--P--P--S,"['N[C@@H](Cc1ccc(O)cc1)C(=O)O', 'NC(C)(C)C(=O)O', 'N[C@@H](CCC(=O)N)C(=O)O', 'NCC(=O)O', 'N[C@@H]([C@@H](C)O)C(=O)O', 'N[C@@H](Cc1ccc(O)cc1)C(=O)O', 'N[C@@H]([C@@H](C)O)C(=O)O', 'N[C@@H](CO)C(=O)O', 'N[C@@H](CC(=O)O)C(=O)O', 'N[C@@H](Cc1ccc(O)cc1)C(=O)O', 'N[C@@H](CO)C(=O)O', 'N[C@@H]([C@H](CC)C)C(=O)O', 'N[C@@H](CC(C)C)C(=O)O', 'N[C@@H](CC(C)C)C(=O)O', 'N[C@@H](CC(=O)O)C(=O)O', 'N[C@@H](CCCCN)C(=O)O', 'N[C@@H](CCC(=O)N)C(=O)O', 'N[C@@H](C)C(=O)O', 'N[C@@H](C)C(=O)O', 'NC(C)(C)C(=O)O', 'N[C@@H](CCCNC(=N)N)C(=O)O', 'N[C@@H](Cc1ccccc1)C(=O)O', 'N[C@@H]([C@H](CC)C)C(=O)O', 'N[C@@H](CCC(=O)O)C(=O)O', 'N[C@@H](Cc1c[nH]c2ccccc12)C(=O)O', 'N[C@@H](CC(C)C)C(=O)O', 'N[C@@H](CC(C)C)C(=O)O', 'N[C@@H](CCC(=O)O)C(=O)O', 'NCC(=O)O', 'NCC(=O)O', 'N1[C@@H](CCC1)C(=O)O', 'N[C@@H](CO)C(=O)O', 'N[C@@H](CCCCN)C(=O)O', 'NCC(=O)O', 'NCC(=O)O', 'N1[C@@H](CCC1)C(=O)O', 'N1[C@@H](CCC1)C(=O)O', 'N1[C@@H](CCC1)C(=O)O', 'N[C@@H](CO)C(=O)O']",39,"['Y', 'Aib', 'Q', 'G', 'T', 'Y', 'T', 'S', 'D', 'Y', 'S', 'I', 'L', 'L', 'D', 'K', 'Q', 'A', 'A', 'Aib', 'R', 'F', 'I', 'E', 'W', 'L', 'L', 'E', 'G', 'G', 'P', 'S', 'K', 'G', 'G', 'P', 'P', 'P', 'S']","['N[C@@H](Cc1ccc(O)cc1)C(=O)O', 'NC(C)(C)C(=O)O', 'N[C@@H](CCC(=O)N)C(=O)O', 'NCC(=O)O', 'N[C@@H]([C@@H](C)O)C(=O)O', 'N[C@@H](Cc1ccc(O)cc1)C(=O)O', 'N[C@@H]([C@@H](C)O)C(=O)O', 'N[C@@H](CO)C(=O)O', 'N[C@@H](CC(=O)O)C(=O)O', 'N[C@@H](Cc1ccc(O)cc1)C(=O)O', 'N[C@@H](CO)C(=O)O', 'N[C@@H]([C@H](CC)C)C(=O)O', 'N[C@@H](CC(C)C)C(=O)O', 'N[C@@H](CC(C)C)C(=O)O', 'N[C@@H](CC(=O)O)C(=O)O', 'N[C@@H](CCCCN)C(=O)O', 'N[C@@H](CCC(=O)N)C(=O)O', 'N[C@@H](C)C(=O)O', 'N[C@@H](C)C(=O)O', 'NC(C)(C)C(=O)O', 'N[C@@H](CCCNC(=N)N)C(=O)O', 'N[C@@H](Cc1ccccc1)C(=O)O', 'N[C@@H]([C@H](CC)C)C(=O)O', 'N[C@@H](CCC(=O)O)C(=O)O', 'N[C@@H](Cc1c[nH]c2ccccc12)C(=O)O', 'N[C@@H](CC(C)C)C(=O)O', 'N[C@@H](CC(C)C)C(=O)O', 'N[C@@H](CCC(=O)O)C(=O)O', 'NCC(=O)O', 'NCC(=O)O', 'N1[C@@H](CCC1)C(=O)O', 'N[C@@H](CO)C(=O)O', 'N[C@@H](CCCCN)C(=O)O', 'NCC(=O)O', 'NCC(=O)O', 'N1[C@@H](CCC1)C(=O)O', 'N1[C@@H](CCC1)C(=O)O', 'N1[C@@H](CCC1)C(=O)O', 'N[C@@H](CO)C(=O)O']"
Bit-06,[H]N[C@H](C(NC(C(N[C@@H](CCC(O)=O)C(NCC(N[C@]([C@H](O)C)([H])C(N[C@H](C(N[C@]([C@H](O)C)([H])C(N[C@@H](CO)C(N[C@H](C(N[C@H](C(N[C@@H](CO)C(N[C@]([C@@H](C)CC)([H])C(N[C@H](C(N[C@@H](CC(C)C)C(N[C@H](C(N[C@@H](CC(C)C)C(N[C@@H](CCC(N)=O)C(N[C@H](C(N[C@@H](CCC(N)=O)C(N[C@H](C(N[C@H](C(N[C@H](C(N[C@]([C@@H](C)CC)([H])C(N[C@@H](CCC(O)=O)C(N[C@H](C(N[C@@H](CC(C)C)C(N[C@@H](CC(C)C)C(N[C@@H](CCC(O)=O)C(N[C@@H](CC(C)C)C(NCC(N1CCC[C@H]1C(N[C@@H](CO)C(N[C@@H](CCCCN)C(NCC(N[C@H](C(N2CCC[C@H]2C(N3CCC[C@H]3C(N4CCC[C@H]4C(N[C@@H](CO)C(O)=O)=O)=O)=O)=O)C)=O)=O)=O)=O)=O)=O)=O)=O)=O)=O)CC5=CNC6=C5C=CC=C6)=O)=O)=O)CC7=CC=CC=C7)=O)C)=O)C)=O)=O)C)=O)=O)=O)CC(O)=O)=O)=O)CC8=CN=CN8)=O)=O)=O)CC(C=C9)=CC=C9O)=O)CC(O)=O)=O)=O)=O)CC%10=CC=CC=C%10)=O)=O)=O)=O)(C)C)=O)CC%11=CC=C(O)C=C%11,33,Y--Aib--E--G--T--F--T--S--D--Y--S--I--H--L--D--L--Q--A--Q--A--A--F--I--E--W--L--L--E--L--G--P--S--K--G--A--P--P--P--S,"['N[C@@H](Cc1ccc(O)cc1)C(=O)O', 'NC(C)(C)C(=O)O', 'N[C@@H](CCC(=O)O)C(=O)O', 'NCC(=O)O', 'N[C@@H]([C@@H](C)O)C(=O)O', 'N[C@@H](Cc1ccccc1)C(=O)O', 'N[C@@H]([C@@H](C)O)C(=O)O', 'N[C@@H](CO)C(=O)O', 'N[C@@H](CC(=O)O)C(=O)O', 'N[C@@H](Cc1ccc(O)cc1)C(=O)O', 'N[C@@H](CO)C(=O)O', 'N[C@@H]([C@H](CC)C)C(=O)O', 'N[C@@H](Cc1c[nH]cn1)C(=O)O', 'N[C@@H](CC(C)C)C(=O)O', 'N[C@@H](CC(=O)O)C(=O)O', 'N[C@@H](CC(C)C)C(=O)O', 'N[C@@H](CCC(=O)N)C(=O)O', 'N[C@@H](C)C(=O)O', 'N[C@@H](CCC(=O)N)C(=O)O', 'N[C@@H](C)C(=O)O', 'N[C@@H](C)C(=O)O', 'N[C@@H](Cc1ccccc1)C(=O)O', 'N[C@@H]([C@H](CC)C)C(=O)O', 'N[C@@H](CCC(=O)O)C(=O)O', 'N[C@@H](Cc1c[nH]c2ccccc12)C(=O)O', 'N[C@@H](CC(C)C)C(=O)O', 'N[C@@H](CC(C)C)C(=O)O', 'N[C@@H](CCC(=O)O)C(=O)O', 'N[C@@H](CC(C)C)C(=O)O', 'NCC(=O)O', 'N1[C@@H](CCC1)C(=O)O', 'N[C@@H](CO)C(=O)O', 'N[C@@H](CCCCN)C(=O)O', 'NCC(=O)O', 'N[C@@H](C)C(=O)O', 'N1[C@@H](CCC1)C(=O)O', 'N1[C@@H](CCC1)C(=O)O', 'N1[C@@H](CCC1)C(=O)O', 'N[C@@H](CO)C(=O)O']",39,"['Y', 'Aib', 'E', 'G', 'T', 'F', 'T', 'S', 'D', 'Y', 'S', 'I', 'H', 'L', 'D', 'L', 'Q', 'A', 'Q', 'A', 'A', 'F', 'I', 'E', 'W', 'L', 'L', 'E', 'L', 'G', 'P', 'S', 'K', 'G', 'A', 'P', 'P', 'P', 'S']","['N[C@@H](Cc1ccc(O)cc1)C(=O)O', 'NC(C)(C)C(=O)O', 'N[C@@H](CCC(=O)O)C(=O)O', 'NCC(=O)O', 'N[C@@H]([C@@H](C)O)C(=O)O', 'N[C@@H](Cc1ccccc1)C(=O)O', 'N[C@@H]([C@@H](C)O)C(=O)O', 'N[C@@H](CO)C(=O)O', 'N[C@@H](CC(=O)O)C(=O)O', 'N[C@@H](Cc1ccc(O)cc1)C(=O)O', 'N[C@@H](CO)C(=O)O', 'N[C@@H]([C@H](CC)C)C(=O)O', 'N[C@@H](Cc1c[nH]cn1)C(=O)O', 'N[C@@H](CC(C)C)C(=O)O', 'N[C@@H](CC(=O)O)C(=O)O', 'N[C@@H](CC(C)C)C(=O)O', 'N[C@@H](CCC(=O)N)C(=O)O', 'N[C@@H](C)C(=O)O', 'N[C@@H](CCC(=O)N)C(=O)O', 'N[C@@H](C)C(=O)O', 'N[C@@H](C)C(=O)O', 'N[C@@H](Cc1ccccc1)C(=O)O', 'N[C@@H]([C@H](CC)C)C(=O)O', 'N[C@@H](CCC(=O)O)C(=O)O', 'N[C@@H](Cc1c[nH]c2ccccc12)C(=O)O', 'N[C@@H](CC(C)C)C(=O)O', 'N[C@@H](CC(C)C)C(=O)O', 'N[C@@H](CCC(=O)O)C(=O)O', 'N[C@@H](CC(C)C)C(=O)O', 'NCC(=O)O', 'N1[C@@H](CCC1)C(=O)O', 'N[C@@H](CO)C(=O)O', 'N[C@@H](CCCCN)C(=O)O', 'NCC(=O)O', 'N[C@@H](C)C(=O)O', 'N1[C@@H](CCC1)C(=O)O', 'N1[C@@H](CCC1)C(=O)O', 'N1[C@@H](CCC1)C(=O)O', 'N[C@@H](CO)C(=O)O']"
Bit-07,[H]N[C@H](C(NC(C)(C(N[C@@H](CCC(N)=O)C(NCC(N[C@](C(N[C@H](C(N[C@](C(N[C@@H](CO)C(N[C@H](C(N[C@H](C(N[C@@H](CO)C(N[C@](C(N[C@H](C(N[C@@H](CC(C)C)C(N[C@H](C(N[C@@H](CCC(O)=O)C(N[C@@H](CCC(N)=O)C(N[C@H](C(N[C@@H](CCC(N)=O)C(N[C@@H](CCCNC(N)=N)C(NC(C)(C(N[C@H](C(N[C@](C(N[C@@H](CCC(O)=O)C(N[C@H](C(N[C@@H](CC(C)C)C(N[C@@H](CC(C)C)C(N[C@@H](CCC(O)=O)C(N[C@@H](CC(C)C)C(NCC(N1CCC[C@H]1C(N[C@@H](CO)C(N[C@@H](CCCCN)C(NCC(N[C@H](C(N2CCC[C@H]2C(N3CCC[C@H]3C(N4CCC[C@H]4C(N[C@@H](CO)C(O)=O)=O)=O)=O)=O)C)=O)=O)=O)=O)=O)=O)=O)=O)=O)=O)CC5=CNC6=C5C=CC=C6)=O)=O)([C@@H](C)CC)[H])=O)CC7=CC=CC=C7)=O)C)=O)=O)=O)C)=O)=O)=O)CC(O)=O)=O)=O)CC8=CN=CN8)=O)([C@@H](C)CC)[H])=O)=O)CC9=CC=C(C=C9)O)=O)CC(O)=O)=O)=O)([C@H](O)C)[H])=O)CC%10=CC=CC=C%10)=O)([C@H](O)C)[H])=O)=O)=O)C)=O)CC%11=CC=C(O)C=C%11,33,Y--Aib--Q--G--T--F--T--S--D--Y--S--I--H--L--D--E--Q--A--Q--R--Aib--F--I--E--W--L--L--E--L--G--P--S--K--G--A--P--P--P--S,"['N[C@@H](Cc1ccc(O)cc1)C(=O)O', 'NC(C)(C)C(=O)O', 'N[C@@H](CCC(=O)N)C(=O)O', 'NCC(=O)O', 'N[C@@H]([C@@H](C)O)C(=O)O', 'N[C@@H](Cc1ccccc1)C(=O)O', 'N[C@@H]([C@@H](C)O)C(=O)O', 'N[C@@H](CO)C(=O)O', 'N[C@@H](CC(=O)O)C(=O)O', 'N[C@@H](Cc1ccc(O)cc1)C(=O)O', 'N[C@@H](CO)C(=O)O', 'N[C@@H]([C@H](CC)C)C(=O)O', 'N[C@@H](Cc1c[nH]cn1)C(=O)O', 'N[C@@H](CC(C)C)C(=O)O', 'N[C@@H](CC(=O)O)C(=O)O', 'N[C@@H](CCC(=O)O)C(=O)O', 'N[C@@H](CCC(=O)N)C(=O)O', 'N[C@@H](C)C(=O)O', 'N[C@@H](CCC(=O)N)C(=O)O', 'N[C@@H](CCCNC(=N)N)C(=O)O', 'NC(C)(C)C(=O)O', 'N[C@@H](Cc1ccccc1)C(=O)O', 'N[C@@H]([C@H](CC)C)C(=O)O', 'N[C@@H](CCC(=O)O)C(=O)O', 'N[C@@H](Cc1c[nH]c2ccccc12)C(=O)O', 'N[C@@H](CC(C)C)C(=O)O', 'N[C@@H](CC(C)C)C(=O)O', 'N[C@@H](CCC(=O)O)C(=O)O', 'N[C@@H](CC(C)C)C(=O)O', 'NCC(=O)O', 'N1[C@@H](CCC1)C(=O)O', 'N[C@@H](CO)C(=O)O', 'N[C@@H](CCCCN)C(=O)O', 'NCC(=O)O', 'N[C@@H](C)C(=O)O', 'N1[C@@H](CCC1)C(=O)O', 'N1[C@@H](CCC1)C(=O)O', 'N1[C@@H](CCC1)C(=O)O', 'N[C@@H](CO)C(=O)O']",39,"['Y', 'Aib', 'Q', 'G', 'T', 'F', 'T', 'S', 'D', 'Y', 'S', 'I', 'H', 'L', 'D', 'E', 'Q', 'A', 'Q', 'R', 'Aib', 'F', 'I', 'E', 'W', 'L', 'L', 'E', 'L', 'G', 'P', 'S', 'K', 'G', 'A', 'P', 'P', 'P', 'S']","['N[C@@H](Cc1ccc(O)cc1)C(=O)O', 'NC(C)(C)C(=O)O', 'N[C@@H](CCC(=O)N)C(=O)O', 'NCC(=O)O', 'N[C@@H]([C@@H](C)O)C(=O)O', 'N[C@@H](Cc1ccccc1)C(=O)O', 'N[C@@H]([C@@H](C)O)C(=O)O', 'N[C@@H](CO)C(=O)O', 'N[C@@H](CC(=O)O)C(=O)O', 'N[C@@H](Cc1ccc(O)cc1)C(=O)O', 'N[C@@H](CO)C(=O)O', 'N[C@@H]([C@H](CC)C)C(=O)O', 'N[C@@H](Cc1c[nH]cn1)C(=O)O', 'N[C@@H](CC(C)C)C(=O)O', 'N[C@@H](CC(=O)O)C(=O)O', 'N[C@@H](CCC(=O)O)C(=O)O', 'N[C@@H](CCC(=O)N)C(=O)O', 'N[C@@H](C)C(=O)O', 'N[C@@H](CCC(=O)N)C(=O)O', 'N[C@@H](CCCNC(=N)N)C(=O)O', 'NC(C)(C)C(=O)O', 'N[C@@H](Cc1ccccc1)C(=O)O', 'N[C@@H]([C@H](CC)C)C(=O)O', 'N[C@@H](CCC(=O)O)C(=O)O', 'N[C@@H](Cc1c[nH]c2ccccc12)C(=O)O', 'N[C@@H](CC(C)C)C(=O)O', 'N[C@@H](CC(C)C)C(=O)O', 'N[C@@H](CCC(=O)O)C(=O)O', 'N[C@@H](CC(C)C)C(=O)O', 'NCC(=O)O', 'N1[C@@H](CCC1)C(=O)O', 'N[C@@H](CO)C(=O)O', 'N[C@@H](CCCCN)C(=O)O', 'NCC(=O)O', 'N[C@@H](C)C(=O)O', 'N1[C@@H](CCC1)C(=O)O', 'N1[C@@H](CCC1)C(=O)O', 'N1[C@@H](CCC1)C(=O)O', 'N[C@@H](CO)C(=O)O']"
Bit-08,N[C@@H](Cc1ccc(O)cc1)C(=O)NC(C)(C)C(=O)N[C@@H](CCC(=O)O)C(=O)NCC(=O)N[C@@H]([C@@H](C)O)C(=O)N[C@@H](Cc1ccccc1)C(=O)N[C@@H]([C@@H](C)O)C(=O)N[C@@H](CO)C(=O)N[C@@H](CC(=O)O)C(=O)N[C@@H](Cc1ccc(O)cc1)C(=O)N[C@@H](CO)C(=O)N[C@@H]([C@H](CC)C)C(=O)N[C@@H](CC(C)C)C(=O)N[C@@H](CC(C)C)C(=O)N[C@@H](CC(=O)O)C(=O)N[C@@H](CCC(=O)O)C(=O)N[C@@H](CCC(=O)N)C(=O)N[C@@H](C)C(=O)N[C@@H](C)C(=O)N[C@@H](C)C(=O)N[C@@H](CCCCN)C(=O)N[C@@H](Cc1ccccc1)C(=O)N[C@@H]([C@H](CC)C)C(=O)N[C@@H](CCC(=O)O)C(=O)N[C@@H](Cc1c[nH]c2ccccc12)C(=O)N[C@@H](CC(C)C)C(=O)N[C@@H](CC(C)C)C(=O)N[C@@H](CCC(=O)O)C(=O)N[C@@H](C)C(=O)NCC(=O)N1[C@@H](CCC1)C(=O)N[C@@H](CO)C(=O)N[C@@H](CO)C(=O)NCC(=O)NCC(=O)N1[C@@H](CCC1)C(=O)N1[C@@H](CCC1)C(=O)N1[C@@H](CCC1)C(=O)N[C@@H](CO)C(=O)O,21,Y--Aib--E--G--T--F--T--S--D--Y--S--I--L--L--D--E--Q--A--A--A--K--F--I--E--W--L--L--E--A--G--P--S--S--G--G--P--P--P--S,"['N[C@@H](Cc1ccc(O)cc1)C(=O)O', 'NC(C)(C)C(=O)O', 'N[C@@H](CCC(=O)O)C(=O)O', 'NCC(=O)O', 'N[C@@H]([C@@H](C)O)C(=O)O', 'N[C@@H](Cc1ccccc1)C(=O)O', 'N[C@@H]([C@@H](C)O)C(=O)O', 'N[C@@H](CO)C(=O)O', 'N[C@@H](CC(=O)O)C(=O)O', 'N[C@@H](Cc1ccc(O)cc1)C(=O)O', 'N[C@@H](CO)C(=O)O', 'N[C@@H]([C@H](CC)C)C(=O)O', 'N[C@@H](CC(C)C)C(=O)O', 'N[C@@H](CC(C)C)C(=O)O', 'N[C@@H](CC(=O)O)C(=O)O', 'N[C@@H](CCC(=O)O)C(=O)O', 'N[C@@H](CCC(=O)N)C(=O)O', 'N[C@@H](C)C(=O)O', 'N[C@@H](C)C(=O)O', 'N[C@@H](C)C(=O)O', 'N[C@@H](CCCCN)C(=O)O', 'N[C@@H](Cc1ccccc1)C(=O)O', 'N[C@@H]([C@H](CC)C)C(=O)O', 'N[C@@H](CCC(=O)O)C(=O)O', 'N[C@@H](Cc1c[nH]c2ccccc12)C(=O)O', 'N[C@@H](CC(C)C)C(=O)O', 'N[C@@H](CC(C)C)C(=O)O', 'N[C@@H](CCC(=O)O)C(=O)O', 'N[C@@H](C)C(=O)O', 'NCC(=O)O', 'N1[C@@H](CCC1)C(=O)O', 'N[C@@H](CO)C(=O)O', 'N[C@@H](CO)C(=O)O', 'NCC(=O)O', 'NCC(=O)O', 'N1[C@@H](CCC1)C(=O)O', 'N1[C@@H](CCC1)C(=O)O', 'N1[C@@H](CCC1)C(=O)O', 'N[C@@H](CO)C(=O)O']",39,"['Y', 'Aib', 'E', 'G', 'T', 'F', 'T', 'S', 'D', 'Y', 'S', 'I', 'L', 'L', 'D', 'E', 'Q', 'A', 'A', 'A', 'K', 'F', 'I', 'E', 'W', 'L', 'L', 'E', 'A', 'G', 'P', 'S', 'S', 'G', 'G', 'P', 'P', 'P', 'S']","['N[C@@H](Cc1ccc(O)cc1)C(=O)O', 'NC(C)(C)C(=O)O', 'N[C@@H](CCC(=O)O)C(=O)O', 'NCC(=O)O', 'N[C@@H]([C@@H](C)O)C(=O)O', 'N[C@@H](Cc1ccccc1)C(=O)O', 'N[C@@H]([C@@H](C)O)C(=O)O', 'N[C@@H](CO)C(=O)O', 'N[C@@H](CC(=O)O)C(=O)O', 'N[C@@H](Cc1ccc(O)cc1)C(=O)O', 'N[C@@H](CO)C(=O)O', 'N[C@@H]([C@H](CC)C)C(=O)O', 'N[C@@H](CC(C)C)C(=O)O', 'N[C@@H](CC(C)C)C(=O)O', 'N[C@@H](CC(=O)O)C(=O)O', 'N[C@@H](CCC(=O)O)C(=O)O', 'N[C@@H](CCC(=O)N)C(=O)O', 'N[C@@H](C)C(=O)O', 'N[C@@H](C)C(=O)O', 'N[C@@H](C)C(=O)O', 'N[C@@H](CCCCN)C(=O)O', 'N[C@@H](Cc1ccccc1)C(=O)O', 'N[C@@H]([C@H](CC)C)C(=O)O', 'N[C@@H](CCC(=O)O)C(=O)O', 'N[C@@H](Cc1c[nH]c2ccccc12)C(=O)O', 'N[C@@H](CC(C)C)C(=O)O', 'N[C@@H](CC(C)C)C(=O)O', 'N[C@@H](CCC(=O)O)C(=O)O', 'N[C@@H](C)C(=O)O', 'NCC(=O)O', 'N1[C@@H](CCC1)C(=O)O', 'N[C@@H](CO)C(=O)O', 'N[C@@H](CO)C(=O)O', 'NCC(=O)O', 'NCC(=O)O', 'N1[C@@H](CCC1)C(=O)O', 'N1[C@@H](CCC1)C(=O)O', 'N1[C@@H](CCC1)C(=O)O', 'N[C@@H](CO)C(=O)O']"
Bit-09,N[C@@H](Cc1ccc(O)cc1)C(=O)NC(C)(C)C(=O)N[C@@H](Cc1ccc(O)cc1)C(=O)NCC(=O)N[C@@H]([C@@H](C)O)C(=O)N[C@@H]([C@@H](C)O)C(=O)N[C@@H]([C@@H](C)O)C(=O)N[C@@H](CO)C(=O)N[C@@H](CC(=O)O)C(=O)N[C@@H](Cc1ccc(O)cc1)C(=O)N[C@@H](CO)C(=O)N[C@@H]([C@H](CC)C)C(=O)N[C@@H](CC(C)C)C(=O)N[C@@H](CC(C)C)C(=O)N[C@@H](CC(=O)O)C(=O)N[C@@H](CCCCN)C(=O)N[C@@H](CCC(=O)N)C(=O)N[C@@H](C)C(=O)N[C@@H](C)C(=O)N[C@@H](C)C(=O)N[C@@H](CCCCN)C(=O)N[C@@H](Cc1ccccc1)C(=O)N[C@@H]([C@H](CC)C)C(=O)N[C@@H](C(C)C)C(=O)N[C@@H](Cc1c[nH]c2ccccc12)C(=O)N[C@@H](CC(C)C)C(=O)N[C@@H](CC(C)C)C(=O)N[C@@H](CCC(=O)O)C(=O)N[C@@H](C)C(=O)NCC(=O)N1[C@@H](CCC1)C(=O)N[C@@H](CO)C(=O)N[C@@H](C)C(=O)NCC(=O)N[C@@H](CO)C(=O)N1[C@@H](CCC1)C(=O)N1[C@@H](CCC1)C(=O)N1[C@@H](CCC1)C(=O)N[C@@H](CO)C(=O)O,21,Y--Aib--Y--G--T--T--T--S--D--Y--S--I--L--L--D--K--Q--A--A--A--K--F--I--V--W--L--L--E--A--G--P--S--A--G--S--P--P--P--S,"['N[C@@H](Cc1ccc(O)cc1)C(=O)O', 'NC(C)(C)C(=O)O', 'N[C@@H](Cc1ccc(O)cc1)C(=O)O', 'NCC(=O)O', 'N[C@@H]([C@@H](C)O)C(=O)O', 'N[C@@H]([C@@H](C)O)C(=O)O', 'N[C@@H]([C@@H](C)O)C(=O)O', 'N[C@@H](CO)C(=O)O', 'N[C@@H](CC(=O)O)C(=O)O', 'N[C@@H](Cc1ccc(O)cc1)C(=O)O', 'N[C@@H](CO)C(=O)O', 'N[C@@H]([C@H](CC)C)C(=O)O', 'N[C@@H](CC(C)C)C(=O)O', 'N[C@@H](CC(C)C)C(=O)O', 'N[C@@H](CC(=O)O)C(=O)O', 'N[C@@H](CCCCN)C(=O)O', 'N[C@@H](CCC(=O)N)C(=O)O', 'N[C@@H](C)C(=O)O', 'N[C@@H](C)C(=O)O', 'N[C@@H](C)C(=O)O', 'N[C@@H](CCCCN)C(=O)O', 'N[C@@H](Cc1ccccc1)C(=O)O', 'N[C@@H]([C@H](CC)C)C(=O)O', 'N[C@@H](C(C)C)C(=O)O', 'N[C@@H](Cc1c[nH]c2ccccc12)C(=O)O', 'N[C@@H](CC(C)C)C(=O)O', 'N[C@@H](CC(C)C)C(=O)O', 'N[C@@H](CCC(=O)O)C(=O)O', 'N[C@@H](C)C(=O)O', 'NCC(=O)O', 'N1[C@@H](CCC1)C(=O)O', 'N[C@@H](CO)C(=O)O', 'N[C@@H](C)C(=O)O', 'NCC(=O)O', 'N[C@@H](CO)C(=O)O', 'N1[C@@H](CCC1)C(=O)O', 'N1[C@@H](CCC1)C(=O)O', 'N1[C@@H](CCC1)C(=O)O', 'N[C@@H](CO)C(=O)O']",39,"['Y', 'Aib', 'Y', 'G', 'T', 'T', 'T', 'S', 'D', 'Y', 'S', 'I', 'L', 'L', 'D', 'K', 'Q', 'A', 'A', 'A', 'K', 'F', 'I', 'V', 'W', 'L', 'L', 'E', 'A', 'G', 'P', 'S', 'A', 'G', 'S', 'P', 'P', 'P', 'S']","['N[C@@H](Cc1ccc(O)cc1)C(=O)O', 'NC(C)(C)C(=O)O', 'N[C@@H](Cc1ccc(O)cc1)C(=O)O', 'NCC(=O)O', 'N[C@@H]([C@@H](C)O)C(=O)O', 'N[C@@H]([C@@H](C)O)C(=O)O', 'N[C@@H]([C@@H](C)O)C(=O)O', 'N[C@@H](CO)C(=O)O', 'N[C@@H](CC(=O)O)C(=O)O', 'N[C@@H](Cc1ccc(O)cc1)C(=O)O', 'N[C@@H](CO)C(=O)O', 'N[C@@H]([C@H](CC)C)C(=O)O', 'N[C@@H](CC(C)C)C(=O)O', 'N[C@@H](CC(C)C)C(=O)O', 'N[C@@H](CC(=O)O)C(=O)O', 'N[C@@H](CCCCN)C(=O)O', 'N[C@@H](CCC(=O)N)C(=O)O', 'N[C@@H](C)C(=O)O', 'N[C@@H](C)C(=O)O', 'N[C@@H](C)C(=O)O', 'N[C@@H](CCCCN)C(=O)O', 'N[C@@H](Cc1ccccc1)C(=O)O', 'N[C@@H]([C@H](CC)C)C(=O)O', 'N[C@@H](C(C)C)C(=O)O', 'N[C@@H](Cc1c[nH]c2ccccc12)C(=O)O', 'N[C@@H](CC(C)C)C(=O)O', 'N[C@@H](CC(C)C)C(=O)O', 'N[C@@H](CCC(=O)O)C(=O)O', 'N[C@@H](C)C(=O)O', 'NCC(=O)O', 'N1[C@@H](CCC1)C(=O)O', 'N[C@@H](CO)C(=O)O', 'N[C@@H](C)C(=O)O', 'NCC(=O)O', 'N[C@@H](CO)C(=O)O', 'N1[C@@H](CCC1)C(=O)O', 'N1[C@@H](CCC1)C(=O)O', 'N1[C@@H](CCC1)C(=O)O', 'N[C@@H](CO)C(=O)O']"